2011,1,0.72666,0.39242,0.38582,1.0987,0.7411,0.050876,0.63653,0.16983,0.65966,0.39082,0.3967,0.8567,1.4039,0.55601,1.2357,0.26203,0.86557,0.47814,2.1716,0.93077,0.55312,0.42644
2011,2,0.64341,0.558,0.42007,0.42506,0.71082,0.56849,0.37796,0.19542,0.71974,0.32837,0.48966,0.3098,0.72327,0.27809,0.5283,0.27745,0.76244,0.78119,1.5774,0.48106,0.7441,0.58391
2011,3,0.62258,0.77575,0.49723,0.58673,0.7688,1.4647,0.4117,0.25787,0.91366,0.43574,0.64133,0.19774,0.79501,0.24587,0.33786,0.37107,0.72699,1.023,1.4288,0.62911,1.0144,0.88156
2011,4,0.49902,0.55859,0.33936,0.90199,0.54526,1.228,0.47756,0.1786,0.70071,0.42556,0.45506,0.29946,0.66632,0.31137,0.4292,0.2782,0.57686,0.83843,1.0323,0.70227,0.80933,0.59957
2011,5,1.0348,2.0691,1.0162,1.6305,1.4193,3.7151,1.1721,0.58168,1.8898,0.95536,1.5746,1.2315,1.3708,0.65599,1.039,0.80869,1.023,2.2395,1.541,1.3087,2.4356,1.7183
2011,6,1.3347,2.8593,1.809,6.094,2.0055,6.3303,6.2372,1.0268,4.6709,4.4771,6.7441,2.0153,1.8489,1.2043,2.2249,3.0416,1.2793,3.1153,1.8988,2.6952,3.4208,6.6024
2011,7,7.9259,3.9527,8.9139,3.862,2.9058,5.3895,7.2846,3.5879,6.6225,6.1187,10.477,2.5512,2.2845,1.1487,3.7099,4.391,1.6467,3.5784,2.361,2.2264,4.5173,8.1464
2011,8,8.8049,5.0395,10.444,3.1308,6.9476,4.4489,6.7106,5.2872,8.0636,6.8246,11.685,2.2751,1.8966,0.82635,2.5627,5.2482,1.7874,3.7842,2.3403,1.6379,5.4998,9.4721
2011,9,1.402,3.3929,1.7483,5.7685,3.0842,2.6828,3.5538,1.4866,2.9773,2.4349,3.5054,4.3372,3.6382,1.7655,6.2168,1.8909,1.7587,3.0493,2.6373,3.7014,3.9881,2.193
2011,10,1.9001,2.8584,4.5837,6.7684,3.1321,3.1695,3.3268,3.9485,5.0378,2.4134,4.6969,6.3865,7.7117,2.2398,5.4619,3.2801,1.4267,2.4608,2.6983,7.4191,3.4988,4.0399
2011,11,1.2177,1.4858,1.2138,3.0782,2.1469,0.69994,1.602,0.76272,2.0587,1.2289,1.394,2.1273,6.0496,0.76446,2.138,0.92398,1.0248,1.2323,2.3243,3.435,1.9281,1.3993
2011,12,0.93902,0.79682,0.84412,3.5326,1.3225,0.1241,0.8019,0.4021,1.1296,0.52343,0.83225,2.5004,6.9939,0.88785,2.1737,0.47767,0.80506,0.70388,3.5541,3.9787,1.0567,0.71204
2012,1,0.84354,0.71773,0.72209,1.1569,0.93673,0.53157,0.45859,0.2625,0.82319,0.35705,0.71019,1.0406,1.3207,0.31443,1.1639,0.30951,0.65027,0.49548,2.7717,0.63028,0.89314,0.62976
2012,2,0.71103,0.58889,0.58167,0.37797,0.66258,0.66697,0.27597,0.18358,0.67688,0.31608,0.59446,0.34896,0.51072,0.20239,0.50594,0.21813,0.46946,0.35751,1.5888,0.44019,0.77074,0.54035
2012,3,0.53601,0.51709,0.41015,0.38333,0.64954,0.45276,0.14963,0.15212,0.51949,0.176,0.39897,0.19719,0.60841,0.2117,0.29127,0.20043,0.42512,0.58124,1.2126,0.49961,0.66941,0.38972
2012,4,0.73303,1.3178,0.70733,0.56634,0.93528,1.9755,0.51562,0.29813,1.0924,0.55875,0.94132,0.27182,0.54215,0.26184,0.40313,0.35788,0.47987,0.85535,1.0413,0.48388,1.4772,1.0778
2012,5,0.8751,2.0291,1.1069,1.3992,1.33,1.4101,0.58475,0.45599,1.3796,0.49189,1.3791,1.1626,1.0532,0.53616,1.0006,0.52528,0.62272,1.4951,1.0359,1.3095,2.2321,1.3557
2012,6,1.3943,2.7278,3.0713,3.5384,1.987,2.399,1.0158,0.62084,1.796,0.83934,2.0537,2.2107,1.8244,1.5438,2.4879,0.7693,1.0321,2.2934,1.6053,2.3149,2.7504,1.8231
2012,7,2.8479,2.8026,4.1835,7.8961,2.2743,2.7072,1.5599,0.73267,2.1329,1.3159,4.2497,6.9573,3.4689,6.3489,12.296,0.98518,1.2899,3.0401,2.5765,4.5742,3.0596,3.9351
2012,8,5.7465,3.4108,4.8986,5.5918,3.8353,3.4346,1.992,2.9452,3.9627,1.4926,5.2823,3.9968,3.382,2.3228,5.4785,4.5775,1.9878,4.8708,3.7944,2.3525,3.6889,2.2733
2012,9,7.9392,3.5814,4.6304,7.2472,6.0535,2.5424,2.2613,2.3104,3.7465,1.6914,4.927,5.4261,7.5189,3.2032,7.6891,2.3184,2.2663,3.8039,7.3733,6.638,3.9295,3.6495
2012,10,1.274,2.0298,1.237,6.6145,2.7032,4.4207,4.4065,1.8073,2.9987,1.7615,1.7851,5.5953,8.7254,2.1331,6.467,3.3251,1.9522,3.1006,6.9784,6.898,2.7707,2.0263
2012,11,1.0288,1.1429,0.83792,6.6933,1.8993,0.83694,1.7086,0.70895,1.8818,0.82157,1.1035,2.5346,7.4248,1.4598,3.0851,0.99735,1.559,1.9326,5.6922,6.7694,1.5744,1.1609
2012,12,0.74859,0.62701,0.53997,1.9419,1.1522,0.25741,0.92176,0.36158,1.0453,0.43476,0.62905,1.8464,2.0308,0.92197,1.9106,0.53093,1.1303,0.95203,3.2347,1.2545,0.91387,0.67553
2013,1,0.53823,0.32685,0.34659,0.70172,0.68698,0.049187,0.43971,0.17484,0.55593,0.2194,0.35039,0.82423,0.76781,0.48334,1.0614,0.25614,0.78843,0.46323,2.093,0.55687,0.49281,0.36531
2013,2,0.42596,0.24217,0.25452,0.29657,0.45542,0.11967,0.21631,0.093183,0.34635,0.13805,0.2295,0.28782,0.42697,0.26236,0.46307,0.13603,0.57939,0.28778,1.2301,0.42512,0.33561,0.21665
2013,3,0.37623,0.39408,0.29484,0.42041,0.45745,1.0997,0.40572,0.17226,0.58029,0.44068,0.42117,0.17767,0.52834,0.24963,0.27141,0.20983,0.46399,0.44548,0.90584,0.49467,0.58432,0.55058
2013,4,0.55256,1.1869,0.65963,0.85125,0.80244,0.80414,0.29152,0.27919,0.85077,0.32254,0.7767,0.27534,0.64222,0.24391,0.5036,0.29259,0.48252,0.8312,0.82891,0.66448,1.2912,0.89723
2013,5,1.2768,2.4334,1.0936,1.7586,1.709,2.741,0.75126,0.63192,1.6928,0.67078,1.4306,1.143,1.6031,0.60765,1.0438,0.85818,1.2806,2.8571,2.0042,1.389,2.385,1.5532
2013,6,3.4889,2.5829,1.2861,3.5632,2.139,2.3982,1.1095,0.77155,2.0241,0.75128,1.5879,2.2199,1.8113,1.7269,2.5297,1.0947,1.5509,3.3262,2.4624,2.085,2.605,1.6684
2013,7,4.0939,2.7831,2.799,5.6034,2.5907,6.1845,5.3372,3.1395,4.0943,2.5348,6.0924,2.5658,2.3368,2.0224,5.7094,5.4733,1.9174,4.6029,3.2291,2.5126,3.378,5.1383
2013,8,17.581,7.1533,16.997,3.8998,14.984,10.114,10.748,11.758,16.449,9.9555,21.272,2.4812,2.7252,1.73,3.5194,13.889,6.9807,7.7645,8.0193,2.2537,7.6706,14.751
2013,9,12.987,6.0952,6.364,7.9724,9.6878,2.2285,2.163,3.3237,4.2353,2.1236,5.8902,5.3686,8.7913,2.9099,7.3785,4.0357,9.2149,6.4192,14.74,6.6952,5.6471,2.281
2013,10,3.5325,3.8418,2.1285,8.0081,3.1309,2.4607,1.9588,1.548,2.9703,1.666,2.5203,7.0595,9.7922,2.7528,8.2247,2.1852,2.728,4.0453,8.016,7.8878,3.9223,2.2666
2013,11,2.2145,2.5991,1.3744,6.3232,2.7508,1.3203,1.661,0.85498,2.4017,1.1554,1.7224,3.8491,9.7342,1.7232,3.1033,1.1394,2.5443,2.5883,10.765,6.6148,2.7728,1.8087
2013,12,1.2253,1.488,1.1,2.4555,1.9106,0.60794,1.0927,0.5255,1.5658,0.70686,1.2641,1.7797,3.6088,0.75777,1.9555,0.70996,2.0987,1.3457,4.3905,2.0745,1.691,1.2881
2014,1,0.91929,0.78195,0.71684,1.1597,1.152,0.08901,0.49505,0.24233,0.77687,0.30707,0.75698,0.80443,2.3557,0.45601,1.1126,0.32267,1.4929,0.61922,2.6635,1.0761,0.90899,0.61057
2014,2,1.0074,1.0132,0.82887,0.3921,1.0315,0.24162,0.24089,0.22514,0.67733,0.20562,0.80491,0.29444,0.73606,0.25886,0.47708,0.24041,1.123,0.6161,1.6627,0.45695,1.0981,0.64413
2014,3,0.83407,0.84208,0.64495,0.37974,0.85977,0.71444,0.24669,0.21194,0.67064,0.25506,0.63062,0.1955,0.57372,0.27955,0.30892,0.25197,0.88506,0.74722,1.2518,0.51489,1.0404,0.60264
2014,4,0.76421,1.101,0.63542,0.70518,0.92396,0.89312,0.36799,0.24615,0.7802,0.31729,0.65355,0.25653,0.64647,0.24114,0.37389,0.3385,0.76346,1.01,1.0651,0.69619,1.2055,0.72273
2014,5,0.76755,1.6642,0.77652,1.5859,1.0713,2.2916,0.85744,0.43494,1.3535,0.61231,1.0149,1.0971,1.196,0.52428,0.96589,0.59074,0.8657,1.8885,1.2074,1.3629,1.8789,1.3566
2014,6,11.994,5.4394,13.926,3.8723,3.035,3.2575,1.3851,5.8042,6.6174,1.0991,10.829,2.1265,2.1209,1.5827,2.4175,4.346,1.7094,4.2278,1.9716,2.2809,5.1184,8.3609
2014,7,8.4802,4.6635,7.6211,5.5906,5.3725,3.0444,2.1399,3.5997,4.7932,1.9428,6.6048,2.4972,2.5384,1.7201,5.301,4.3162,2.2887,4.5692,2.8051,2.5357,4.7498,3.9815
2014,8,3.4295,3.2771,2.4127,3.828,3.1328,6.1819,10.694,3.2181,4.6881,6.8791,6.1872,2.4055,2.6637,1.0019,3.3502,4.6311,2.3652,4.1064,3.143,2.0292,4.2792,2.2953
2014,9,1.1825,1.8815,1.0102,6.4062,2.2848,1.6642,2.2793,0.84975,2.1762,1.9057,1.4619,5.0159,7.5713,1.6839,6.8216,1.1526,2.0806,2.7361,3.8507,4.661,2.5659,1.3875
2014,10,3.5462,2.5393,1.2461,8.7747,3.0253,2.356,1.9467,4.3486,2.881,1.3221,1.7478,7.1972,11.203,2.7236,8.4513,4.1353,2.3906,4.0142,12.474,7.9692,2.9458,1.6962
2014,11,1.4047,1.5768,0.93859,5.6031,2.3513,0.60241,1.1225,0.84375,1.9668,0.66205,1.2048,3.9786,7.0967,1.6264,3.4789,1.0283,2.0283,2.2968,5.1997,4.6898,1.9994,1.0314
2014,12,1.137,0.88115,0.63263,2.0807,1.5067,0.95529,0.88368,0.51088,1.2329,0.59414,0.77259,1.8592,2.7313,0.91495,2.0342,0.61515,1.5183,1.2316,3.321,1.4812,1.2234,0.7512
2015,1,0.87682,0.52202,0.4394,0.67417,0.91463,0.22632,0.4225,0.25691,0.69165,0.29144,0.4728,0.80937,0.88875,0.39171,1.059,0.30081,1.0446,0.58853,2.0657,0.59256,0.73382,0.43045
2015,2,0.66352,0.33227,0.29467,0.26784,0.56185,0.13442,0.1858,0.12881,0.41326,0.15231,0.28495,0.29843,0.44797,0.24177,0.45827,0.16658,0.72469,0.33614,1.1924,0.43759,0.47446,0.24632
2015,3,0.51446,0.33248,0.24035,0.34693,0.44594,0.57806,0.208,0.12493,0.40827,0.20214,0.25986,0.17265,0.51569,0.22755,0.262,0.17924,0.56949,0.4923,0.98678,0.48201,0.46862,0.29197
2015,4,0.40446,0.40756,0.23409,0.65243,0.37042,0.87124,0.27352,0.12149,0.43007,0.28042,0.29887,0.26128,0.55574,0.24525,0.36742,0.1688,0.41498,0.4781,0.71693,0.7244,0.54977,0.37583
2015,5,0.50277,1.0602,0.46635,1.5538,0.69705,2.5149,0.99144,0.32943,1.1065,0.82624,0.82491,1.1751,1.0566,0.59273,1.1224,0.48499,0.59455,1.3224,1.0063,1.3209,1.4846,1.0312
2015,6,1.2149,3.0952,1.4433,3.0816,2.2918,4.4216,1.8552,0.98463,2.6446,1.4348,4.37,1.5932,1.8386,0.75036,1.8482,1.9177,1.3597,3.5711,2.0915,2.0118,3.3231,5.2583
2015,7,11.299,5.0866,12.894,3.911,7.3767,6.1039,8.0404,5.4293,8.522,5.9943,13.621,4.0715,2.4786,1.1773,4.152,6.3782,2.0006,4.5408,2.639,2.453,5.2274,10.812
2015,8,11.056,6.2128,10.806,3.9356,8.6541,6.871,9.7049,7.7128,10.221,7.1861,13.684,3.8174,3.1421,1.6214,5.0276,8.0179,2.6986,5.9059,3.5599,2.07,6.1579,9.065
2015,9,4.9561,4.7698,4.6539,8.8312,4.16,2.2584,2.4655,2.1639,3.5285,2.4261,4.6855,5.3219,8.9402,2.5115,7.5376,1.6704,2.6829,3.9031,6.0508,6.942,4.553,2.3102
2015,10,5.6477,3.8053,4.8357,8.5425,5.0008,3.4798,2.4254,3.6393,4.9315,2.2508,4.9032,8.1668,12.114,6.8087,10.467,4.7575,2.6667,3.5998,10.689,8.7559,3.7857,2.3088
2015,11,1.392,2.0723,1.2182,3.907,2.5872,0.66101,1.4475,0.76718,2.0123,1.2287,1.419,2.3448,9.2685,1.1857,2.4498,1.0564,2.3145,2.1332,8.8154,4.6885,2.045,1.321
2015,12,1.0247,1.0138,0.76695,2.267,1.591,0.089511,0.68003,0.36597,1.051,0.49568,0.74611,1.7169,3.1444,0.73505,1.8034,0.54892,1.6886,0.9934,3.2026,1.6072,1.0563,0.60876
2016,1,0.76734,0.60308,0.52289,0.73587,0.9753,0.15101,0.34143,0.19221,0.6077,0.26813,0.47146,0.71913,1.1737,0.35547,0.92396,0.28637,1.1857,0.50072,2.0945,0.63172,0.6606,0.39226
2016,2,0.54727,0.36428,0.37134,0.29405,0.58602,0.10022,0.16059,0.096785,0.37454,0.1583,0.29945,0.29647,0.36803,0.2393,0.4564,0.15369,0.80021,0.25653,1.1325,0.36217,0.42139,0.30441
2016,3,0.44235,0.40976,0.31549,0.46343,0.53016,0.65342,0.19697,0.14378,0.46916,0.19546,0.29765,0.22972,0.63935,0.36208,0.3859,0.21513,0.6734,0.67138,1.1285,0.55082,0.50864,0.34277
2016,4,0.45587,0.57644,0.31149,1.1984,0.52007,0.84144,0.33365,0.18363,0.52693,0.29721,0.37075,0.34676,0.97996,0.26265,0.60143,0.20155,0.57332,0.67538,1.1766,0.97834,0.62314,0.39512
2016,5,0.79606,1.7281,0.63268,1.2732,0.95549,1.7271,0.50349,0.3073,0.91907,0.42843,0.89555,0.84622,1.1424,0.40568,0.91814,0.39714,0.96837,1.768,1.3163,1.0486,1.2362,0.79638
2016,6,5.5233,3.2196,2.1767,6.2419,2.284,3.6281,1.369,0.81143,2.1872,1.2263,3.032,2.1605,2.5025,1.9099,3.8769,1.0507,1.6068,3.2954,2.1718,2.5544,2.9143,2.271
2016,7,2.1461,2.4216,1.3778,3.9344,2.1742,2.8915,2.0583,0.74309,2.1379,1.5888,1.8668,4.4969,2.6782,2.9658,6.9701,1.1179,1.6758,3.0546,2.4862,2.637,2.6074,2.1563
2016,8,4.2298,2.7441,2.8679,3.8769,2.8789,3.3304,2.4867,1.0309,2.6897,1.6941,3.1803,2.5767,2.7839,1.7347,3.8732,4.1027,2.2245,4.6223,3.3052,1.9484,2.8051,3.7392
2016,9,10.703,4.5873,10.24,8.6423,9.1676,2.7901,3.287,4.3345,5.5418,2.317,9.0149,6.194,8.4095,4.2881,9.062,4.5347,4.5681,4.6936,9.2692,6.8482,4.038,5.7378
2016,10,3.156,2.972,1.4872,9.058,3.707,3.0356,3.1863,3.1687,3.9215,2.1156,2.5348,7.0586,10.724,5.1662,10.13,4.5698,2.8272,3.9785,10.7,7.8686,3.1257,1.9441
2016,11,1.0893,1.3561,0.99011,3.6388,2.1434,0.49011,1.529,0.66834,1.7967,0.99203,1.1986,2.5695,5.5986,1.5973,2.9752,0.93181,2.1381,1.7803,3.3201,4.2237,1.5823,0.95228
2016,12,0.80031,0.74673,0.63812,3.0892,1.3579,0.53088,0.9524,0.37277,1.056,0.55507,0.70999,1.808,3.5208,0.74878,1.8985,0.55284,1.6853,1.0812,3.7565,1.9901,0.91844,0.55697
2017,1,0.58488,0.44272,0.47778,0.96815,0.83806,0.17351,0.4622,0.19681,0.60737,0.28445,0.45968,0.69908,1.1446,0.37961,0.93767,0.28523,1.1768,0.52535,2.5225,0.57484,0.56527,0.4176
2017,2,0.48161,0.34564,0.3689,0.27546,0.58429,0.32336,0.30195,0.1314,0.42426,0.27044,0.35863,0.23473,0.36047,0.24476,0.39972,0.1706,0.83484,0.31498,1.4635,0.30463,0.44816,0.38091
2017,3,0.55137,0.65008,0.43469,0.4563,0.63349,0.78658,0.25277,0.17442,0.59884,0.28184,0.51978,0.2061,0.82381,0.28335,0.28271,0.20788,0.69227,0.46763,1.1969,0.60101,0.78257,0.50063
2017,4,0.49017,0.63562,0.41172,0.7271,0.52972,0.7757,0.31581,0.14557,0.5297,0.30421,0.47213,0.26165,0.61152,0.24431,0.43888,0.19673,0.58886,0.53071,0.8657,0.67048,0.7635,0.54203
2017,5,0.53484,1.2043,0.56855,1.0263,0.79348,1.3218,0.42232,0.29958,0.8382,0.31092,0.71031,0.89722,0.71133,0.61375,0.83738,0.42318,0.68233,1.284,0.68631,0.81353,1.4051,0.78128
2017,6,0.83695,2.0547,1.0252,3.0102,1.3274,2.9448,1.1419,0.48768,1.469,1.1248,1.2527,1.7671,1.4693,1.1334,2.0577,0.7143,0.88059,1.9579,1.2499,2.0919,2.1514,1.8112
2017,7,8.0841,3.7828,10.095,3.7139,2.6069,4.608,2.4786,0.89368,2.7536,4.592,9.3012,4.2494,1.961,1.5514,4.7402,1.2948,1.6914,3.1812,1.9944,2.3159,3.7186,10.411
2017,8,11.329,4.6722,9.7279,3.7793,7.3729,4.547,4.8278,3.9538,6.1211,4.293,9.2189,3.825,3.1151,1.5747,4.7093,5.2557,2.5124,4.6008,3.4265,2.0743,4.4688,7.5704
2017,9,8.3539,4.8757,7.2457,7.987,7.7471,2.6413,2.4249,3.6107,5.1375,2.4008,6.6131,5.6527,7.549,3.2533,7.9631,3.4475,3.4523,4.1087,8.9965,6.6931,4.5235,2.3126
2017,10,1.2628,2.5964,1.2673,11.472,3.05,1.9252,1.8503,1.1365,2.6364,1.4617,1.4638,8.2083,13.387,5.1751,9.7798,3.241,2.8103,4.3399,16.207,10.146,2.7065,1.4907
2017,11,1.0264,1.4184,0.86188,9.6409,2.2107,0.43959,1.0093,0.65032,1.5988,0.65347,0.8538,5.9046,10.387,4.1139,6.392,0.9482,2.3289,2.2556,7.1504,9.4682,1.5587,0.75593
2017,12,0.76569,0.74126,0.55278,2.1362,1.3732,0.12403,0.49991,0.32248,0.85059,0.31838,0.4762,1.8985,2.1341,1.198,2.0642,0.49379,1.7999,1.0882,3.1856,1.2639,0.86312,0.45413
2018,1,0.53012,0.38825,0.38355,0.7946,0.81449,0.071917,0.25852,0.16508,0.47743,0.17977,0.2925,0.84524,0.89432,0.48809,1.1198,0.25583,1.2679,0.57657,2.0371,0.67196,0.47923,0.30643
2018,2,0.41036,0.29257,0.34648,0.31835,0.56175,0.22421,0.14045,0.12731,0.36144,0.15134,0.24712,0.30665,0.47983,0.3045,0.49209,0.19582,0.93784,0.58241,1.3437,0.4319,0.37231,0.35355
2018,3,0.48136,0.64705,0.49139,0.39761,0.66444,1.2333,0.33644,0.22029,0.73191,0.39045,0.58437,0.21455,0.57683,0.34222,0.31721,0.27366,0.7997,0.78118,1.0913,0.52265,0.83983,0.71965
2018,4,0.4091,0.69255,0.53507,0.87424,0.58145,0.51988,0.24505,0.17189,0.60729,0.24128,0.54206,0.35483,0.69833,0.39355,0.51243,0.20795,0.63389,0.6666,0.79125,0.77848,0.8241,0.7205
2018,5,1.0819,2.659,3.1577,1.6276,1.7997,5.3332,1.7035,0.99251,2.7838,1.6189,5.7044,1.2979,1.3209,0.75116,1.1833,1.2451,1.2219,3.0564,1.454,1.4101,3.2282,7.2609
2018,6,6.7584,4.224,7.6605,2.79,4.6954,5.4006,4.5293,6.3054,8.5839,4.6313,9.3526,1.7798,1.708,0.95323,2.0263,6.8892,1.8433,4.551,2.3198,1.8562,4.6541,6.2816
2018,7,9.4025,4.5278,8.9954,3.2573,6.1947,4.0138,6.3916,3.1626,5.2597,4.7107,8.6218,2.1142,2.0631,0.78852,2.2952,3.6646,2.1089,3.7285,2.5757,2.1886,4.9216,6.7079
2018,8,17.827,6.8085,15.589,3.8601,11.798,8.8759,14.713,8.8446,12.464,10.967,16.033,2.1517,3.4768,0.97328,2.5627,9.2039,7.9423,5.6578,6.6392,2.1906,6.6487,12.27
2018,9,8.4906,5.4875,5.5855,10.664,8.5637,2.3069,3.148,2.9875,3.0024,3.8605,3.8213,5.6707,13.1,1.8551,6.7969,3.6085,10.631,5.6472,17.383,8.1809,4.6069,2.2987
2018,10,1.1822,2.526,1.1476,7.7288,2.4978,1.8174,2.2986,0.84732,2.2087,1.7665,1.4229,6.0318,8.4551,1.9226,6.4838,1.1479,2.5059,3.0474,5.7378,7.5804,2.6384,1.5469
2018,11,1.0549,1.486,0.84276,3.9094,1.8387,0.90928,1.6392,0.57082,1.4851,0.95721,0.96663,2.5288,3.6201,0.9391,2.4526,0.79684,2.1279,1.8426,3.6986,4.5892,1.634,1.0274
2018,12,0.78842,0.80522,0.56899,2.0679,1.1255,0.28774,0.83964,0.28722,0.82164,0.43361,0.57853,1.8304,2.9656,0.66703,1.8504,0.39548,1.5973,0.91989,3.1832,1.503,0.91989,0.61835
2019,1,0.56393,0.42866,0.42332,0.66473,0.67717,0.051982,0.3765,0.13923,0.44476,0.2001,0.35728,0.76736,0.94485,0.30074,0.94294,0.19468,1.1636,0.44914,1.9658,0.54932,0.51275,0.41052
2019,2,0.49983,0.41443,0.34318,0.41644,0.60254,0.35449,0.20665,0.14434,0.42919,0.15419,0.28946,0.31166,0.68005,0.22111,0.45077,0.2064,0.99643,0.78684,1.5432,0.54993,0.47045,0.32511
2019,3,0.48413,0.46844,0.29776,0.34666,0.521,0.22998,0.16145,0.11125,0.34917,0.083726,0.25336,0.18208,0.55663,0.20039,0.26416,0.15169,0.78415,0.65124,1.1771,0.49365,0.46596,0.22582
2019,4,0.38403,0.40038,0.25856,0.73573,0.39965,0.52254,0.19641,0.09877,0.33256,0.23193,0.25696,0.28321,0.63677,0.25366,0.43045,0.14124,0.56988,0.57937,0.82592,0.64346,0.43173,0.34436
2019,5,0.50157,0.90876,0.56969,1.5608,0.73003,1.9143,0.56242,0.28732,0.96349,0.4499,0.64991,1.2109,1.2587,0.6241,1.3109,0.43058,0.77262,1.5392,1.2547,1.3801,1.053,0.99405
2019,6,1.1545,2.548,1.2759,3.5542,1.8834,2.3098,1.0246,0.66257,1.782,0.82644,1.4328,2.2093,1.7908,1.5281,4.3725,0.86788,1.2284,2.8159,2.0404,2.1464,2.4274,1.805
2019,7,3.2102,2.9143,4.6005,6.17,2.621,4.0309,2.3504,1.0293,2.5748,2.1391,4.7199,4.6703,2.7306,3.2939,7.8001,2.9459,1.7272,4.1035,2.8889,3.0407,3.3945,5.8939
2019,8,11.218,5.2548,13.521,5.8705,9.4065,7.8588,9.7464,8.0801,10.781,8.6534,15.317,4.278,3.6366,1.9144,6.2351,9.0677,2.3311,5.3718,3.7324,3.3267,6.096,10.07
2019,9,6.5203,3.4746,3.8197,6.8652,4.0037,1.4422,2.1491,0.99779,2.5962,2.0337,2.5067,5.394,7.9034,2.927,7.7764,1.2928,2.5264,3.6584,7.4242,6.63,3.9334,2.0012
2019,10,1.2299,1.9041,1.2125,5.9375,2.3752,2.3307,1.9514,0.84049,2.182,1.3233,1.5475,5.1231,7.1519,2.081,6.1552,1.2127,2.017,2.4052,4.0366,6.8886,2.4747,1.6114
2019,11,1.3076,1.3151,0.96458,5.5495,1.7836,0.69316,1.3522,0.53963,1.4763,0.86887,1.1503,3.8753,9.3477,1.495,2.5679,0.83888,1.6369,1.4851,5.1166,6.8206,1.6564,1.0559
2019,12,0.97828,0.66374,0.5997,1.7625,1.0485,0.18324,0.71675,0.26272,0.80723,0.41405,0.63113,1.5761,1.9453,0.68976,1.7656,0.42592,1.1624,0.7331,3.1235,1.1526,0.88691,0.53383
2020,1,0.81901,0.42507,0.43411,0.75583,0.67839,0.26069,0.37295,0.15321,0.49715,0.2191,0.38793,0.66495,1.1457,0.37035,0.87981,0.25649,0.86484,0.47707,2.2535,0.67887,0.52989,0.38212
2020,2,0.86067,0.49353,0.46225,0.29777,0.58138,0.26303,0.22525,0.12837,0.43927,0.19576,0.39046,0.23474,0.49779,0.23435,0.38813,0.18372,0.66822,0.41568,1.3731,0.41151,0.55539,0.40169
2020,3,0.73542,0.47956,0.46814,0.36867,0.49696,0.81651,0.35279,0.13675,0.51999,0.40577,0.49973,0.17842,0.47252,0.24697,0.26681,0.18739,0.52244,0.40279,0.92454,0.51168,0.61386,0.66335
2020,4,0.71672,1.0927,0.73572,0.69545,0.75256,0.7846,0.24551,0.21081,0.69258,0.29317,0.65441,0.246,0.66468,0.26464,0.34449,0.29166,0.5075,0.98184,0.88993,0.65088,1.0076,0.9487
2020,5,0.9491,1.7661,1.2446,1.1131,1.1396,2.3967,0.80782,0.43185,1.3232,0.57542,1.2693,0.78524,1.0323,0.35559,0.70544,0.56802,0.69782,1.6489,1.171,1.106,1.9278,1.7638
2020,6,3.4306,2.218,2.2288,2.8401,1.5257,2.3981,1.3626,0.5285,1.6641,1.1688,1.4518,1.6045,1.8137,0.86999,1.7599,0.77287,1.1498,2.6352,2.1687,2.0902,2.179,4.1136
2020,7,7.3675,3.6513,9.7497,5.7052,2.6635,4.6624,4.1655,0.98505,3.9894,3.5447,7.7331,2.5605,2.7687,1.2332,3.927,2.2905,1.6984,3.6554,2.7388,2.8264,3.8515,6.8131
2020,8,13.099,6.6668,16.11,3.9087,12.333,6.1693,8.8146,9.2293,12.607,5.9665,16.594,3.7155,3.198,1.0064,3.4508,9.8082,2.4963,5.6528,3.5502,2.1455,6.8247,9.4415
2020,9,12.883,7.851,14.265,6.4915,8.7677,3.0817,3.2856,6.5465,9.0483,3.3555,13.321,4.6664,7.463,1.6041,6.0979,6.3105,5.887,5.5422,10.141,6.4501,7.4162,5.7554
2020,10,2.2498,4.5416,2.034,6.6493,2.9265,2.5554,2.2489,1.0093,2.7443,1.9993,2.3629,5.2788,9.028,1.6137,5.7905,1.9526,2.5873,3.6577,8.1768,7.0119,4.4402,2.0207
2020,11,1.7469,2.4884,1.1969,3.9395,2.2284,0.75364,1.3978,0.66701,1.773,0.92166,1.4206,2.564,8.4318,0.94977,2.5587,0.9597,2.2453,2.1885,8.5965,4.7035,2.513,1.3541
2020,12,1.1638,1.3165,0.83133,2.0208,1.4221,0.25132,0.675,0.35911,1.0152,0.40538,0.8332,1.7462,2.9847,0.58687,1.9325,0.554,1.8547,1.2688,7.3437,1.4404,1.3997,0.72015
2021,1,1.086,1.0756,0.7378,1.1115,1.0803,0.32492,0.40343,0.25284,0.7446,0.31854,0.67177,1.0055,2.3082,0.38578,1.1682,0.36305,1.4791,0.82486,3.7009,1.0444,1.2288,0.52847
2021,2,1.2318,1.4498,0.93406,0.43199,1.0851,0.66677,0.27309,0.25142,0.95776,0.28467,0.92434,0.36193,0.78092,0.19916,0.55569,0.29363,1.1504,0.81427,2.4085,0.51295,1.6423,0.64158
2021,3,0.94449,0.75772,0.57348,0.60351,0.62205,0.67688,0.3336,0.12807,0.63347,0.2952,0.49537,0.30076,0.61683,0.35662,0.48201,0.16753,0.82898,0.51504,1.5102,0.56677,1.0052,0.45162
2021,4,0.79236,0.51907,0.3905,0.91695,0.46098,0.60306,0.22297,0.12518,0.47592,0.1611,0.34793,0.38606,0.86584,0.30327,0.47825,0.18686,0.61836,0.61734,1.1397,0.88368,0.72637,0.3869
2021,5,1.4172,2.9007,1.4755,1.559,1.8685,2.7013,0.87855,0.75968,2.1381,0.83754,2.8212,1.1039,1.1949,0.82099,1.1409,0.83681,0.82129,2.2341,1.2263,1.1418,3.3495,1.5959
2021,6,1.9371,2.2679,3.5251,2.0474,1.8086,2.9268,1.4485,0.69902,2.1383,1.0653,2.5303,1.3054,1.4717,0.77439,1.5879,0.83348,0.92909,2.2643,1.4709,1.5812,2.778,2.1317
2021,7,10.036,3.7894,7.0916,6.0542,2.8329,5.9348,9.2541,5.0278,6.4717,6.0207,8.897,4.5663,2.2484,2.3008,6.116,3.4197,1.4274,3.1224,2.0099,2.9149,4.0449,6.395
2021,8,15.562,6.6665,13.901,3.9294,11.8,7.7675,11.132,10.902,12.936,6.8935,16.436,3.9484,3.1583,1.5415,4.5119,9.944,2.3454,5.3725,3.3252,2.2366,6.8119,8.4406
2021,9,10.842,7.1313,13.108,7.4126,9.8489,3.9485,5.4046,6.0023,8.7541,5.4357,9.9239,5.4161,7.2984,2.7773,7.5815,5.0586,2.8083,5.4349,8.1612,4.6691,6.8815,6.2668
2021,10,1.3733,3.714,1.689,7.8239,2.712,2.4208,3.5462,0.97758,2.766,2.3158,1.88,6.4948,9.2088,2.2826,7.2851,1.256,2.3168,3.1163,6.4919,7.3834,4.1278,2.1984
2021,11,1.0866,1.9346,1.026,11.739,1.9977,0.71742,1.6008,0.70021,1.8331,1.113,1.118,5.619,10.931,1.1753,3.7889,0.99054,2.1069,2.3193,14.748,8.9679,2.2185,1.2057
2021,12,0.82187,0.9895,0.67878,3.1402,1.1974,0.16326,0.79288,0.35153,0.98566,0.47173,0.61304,2.168,3.5362,0.76866,2.0963,0.52556,1.5508,1.1248,3.6462,2.0384,1.2027,0.6019
2022,1,0.80418,0.66661,0.50222,1.1917,0.83674,0.09255,0.37317,0.18846,0.57362,0.22321,0.40874,1.0428,2.111,0.38084,1.1518,0.2777,1.1902,0.61238,2.7156,0.76697,0.71794,0.32795
2022,2,0.69147,0.53724,0.47799,0.41171,0.59578,0.060417,0.13913,0.12191,0.37005,0.10554,0.36979,0.3658,0.643,0.23101,0.49571,0.1464,0.86785,0.35083,1.5825,0.49497,0.56144,0.27948
2022,3,0.6814,0.82792,0.54635,0.57545,0.69509,1.4249,0.43954,0.2313,0.78304,0.43865,0.63034,0.26125,0.71237,0.29819,0.37816,0.28172,0.82356,0.8611,1.4796,0.6251,1.0078,0.68336
2022,4,0.51239,0.69577,0.4565,0.71284,0.56776,1.8428,0.58926,0.26229,0.94772,0.51854,0.66866,0.33352,0.83737,0.26001,0.3921,0.36806,0.64609,0.94674,1.1015,0.84122,1.0759,0.86976
2022,5,0.57137,1.2409,0.69559,1.3097,0.90197,1.1783,0.53083,0.30682,0.99928,0.3984,0.89672,0.96042,0.924,0.53418,0.98082,0.41457,0.66345,1.2995,1.043,1.1168,1.4613,0.89589
2022,6,1.2556,2.3552,1.326,2.6371,1.5388,4.6031,1.9038,0.60843,1.9329,1.5179,2.1774,1.5414,2.5597,0.82791,1.7345,0.85634,1.2123,2.6158,2.0351,2.2301,2.467,5.0272
2022,7,10.74,4.4864,9.4547,3.9253,3.1365,5.5918,8.6517,3.7798,6.5466,6.2358,9.873,2.5554,3.1772,1.5817,4.9069,3.422,1.7897,3.6785,2.6154,2.9007,4.237,7.0912
2022,8,14.794,6.0977,11.725,5.7511,10.672,7.4263,11.161,7.8072,10.401,8.2644,12.11,3.865,6.3421,1.3046,4.3993,8.9376,4.8484,6.1258,9.9195,2.5737,5.733,8.2903
2022,9,15.672,7.2998,10.022,8.4022,11.68,2.633,2.319,6.184,7.7806,2.258,8.9701,5.8478,10.394,3.3572,7.8123,6.2505,7.3553,5.9439,13.621,6.9552,6.2596,2.3112
2022,10,1.4135,3.874,1.3762,7.9894,2.6815,1.1486,1.9567,0.86712,2.3856,1.607,1.6347,6.9214,9.4839,3.294,8.0324,1.1643,2.4493,3.0711,6.5261,7.4508,3.5675,1.6581
2022,11,1.1176,1.9628,1.0175,7.3131,1.7596,0.99827,1.5728,0.53565,1.5354,1.0064,1.1142,5.9128,9.0868,2.1463,5.6793,0.75909,1.8898,1.5497,3.8368,6.9791,2.019,1.1975
2022,12,0.90395,1.1418,0.7467,2.5251,1.0937,1.0512,1.1596,0.29768,1.0087,0.75182,0.81524,2.1611,3.529,0.98436,2.2518,0.43292,1.4426,0.85926,3.5437,1.8844,1.276,1.0037
2023,1,0.60914,0.62313,0.42472,1.1611,0.6817,0.2003,0.49165,0.15566,0.54029,0.3203,0.41079,0.91835,2.6669,0.43147,1.1975,0.23351,1.0357,0.53519,3.0398,0.92699,0.69982,0.45787
2023,2,0.4688,0.48743,0.35721,0.45394,0.50966,0.24389,0.25064,0.11335,0.39037,0.19944,0.34063,0.35205,0.71655,0.30359,0.56108,0.15725,0.7438,0.43309,1.8292,0.49701,0.52647,0.37828
2023,3,0.55541,0.41209,0.3168,0.70487,0.39756,0.50791,0.26975,0.095854,0.34369,0.1627,0.30019,0.28433,0.77723,0.43132,0.47953,0.12582,0.55318,0.42185,1.2727,0.62444,0.50098,0.33186
2023,4,0.96025,1.3191,0.81998,0.84996,0.94237,1.3175,0.35654,0.34932,0.9804,0.29597,0.84764,0.35986,1.0808,0.28707,0.43328,0.4326,0.75095,1.444,1.4503,0.84857,1.4049,0.94331
2023,5,1.2601,1.8536,1.2192,2.925,1.3486,1.8842,0.55608,0.41844,1.2893,0.42699,1.1119,1.6514,2.3581,0.93535,1.7935,0.6018,0.97264,2.3138,2.3463,1.9103,2.0517,1.1807
2023,6,9.5229,3.4079,7.2354,3.4724,2.6297,3.4772,1.4398,0.93054,2.5708,1.3132,6.1314,1.8993,2.7338,0.91515,2.2678,1.2784,1.7098,4.4237,3.0985,2.0105,3.6865,2.1363
2023,7,11.69,5.051,11.942,3.9386,8.2574,4.3717,3.8226,4.5707,6.2915,3.8693,10.299,4.038,2.8778,1.0488,4.6692,4.884,2.4434,4.7414,3.5379,2.4939,4.9882,6.9972
2023,8,16.705,6.5647,12.505,7.3859,12.689,6.3211,8.2812,8.4588,10.942,6.2479,12.982,4.2711,7.2367,1.462,6.7641,10.15,10.162,7.1236,13.819,4.6264,6.203,7.3435
2023,9,5.5916,4.9869,5.2199,8.1522,5.5228,3.9935,2.4777,3.6102,5.5762,2.5789,6.4686,5.8959,7.0992,4.4503,8.4947,3.8732,3.2621,4.8747,6.7153,6.7995,5.05,4.6984
2023,10,3.6567,3.5513,1.415,16.632,5.2641,2.0261,1.9126,3.2026,2.9323,1.4193,1.7486,12.269,15.584,7.0259,18.016,4.9614,7.7833,5.1723,18.581,12.918,3.552,1.747
2023,11,1.3039,2.0352,1.1643,6.493,2.4856,0.62418,1.0985,0.79582,2.0554,0.6717,1.2232,8.4826,6.062,3.719,9.4633,1.0775,2.4084,2.5759,4.0111,4.5623,2.1698,1.0431
2023,12,1.1133,1.1913,0.88555,2.9704,1.693,0.8404,0.89004,0.47456,1.303,0.5646,0.86635,2.2607,6.291,0.90263,2.2637,0.67219,1.9441,1.3442,4.1946,2.7766,1.3397,0.85211
2024,1,1.0183,0.87906,0.64709,1.2082,1.1609,0.15054,0.39828,0.25952,0.75864,0.23955,0.54105,1.2552,1.9736,0.50875,1.3621,0.36136,1.5078,0.7362,3.0392,1.0343,0.86597,0.43527
2024,2,0.88822,0.80244,0.56714,0.34807,0.88345,0.15244,0.1817,0.18245,0.57767,0.13589,0.48023,0.42081,0.51559,0.28468,0.62655,0.20355,1.0698,0.46758,1.7728,0.41981,0.83638,0.32879
2024,3,0.66499,0.47182,0.36327,0.43551,0.56418,0.10757,0.09187,0.089253,0.36892,0.082033,0.30847,0.30996,0.41247,0.3872,0.48608,0.098076,0.75558,0.273,1.0724,0.45376,0.54384,0.17468
2024,4,0.54631,0.47255,0.33837,0.59245,0.48007,1.1991,0.47085,0.15902,0.51023,0.28339,0.37364,0.32703,0.72621,0.27506,0.38801,0.2792,0.60607,0.61312,0.8956,0.69023,0.56767,0.45896
2024,5,0.60138,1.1743,0.63235,1.4853,0.90349,2.5527,0.81652,0.36789,1.2623,0.59813,0.97068,1.0107,1.1739,0.61072,1.0554,0.55388,0.64516,1.4708,1.0339,1.0983,1.3825,1.1462
2024,6,5.5637,3.744,8.4593,3.0276,2.6276,6.7766,2.328,2.7962,6.3119,2.7579,10.464,1.754,2.4395,1.2475,2.0435,5.2097,1.535,4.3176,2.3545,2.1134,4.1465,9.4763
2024,7,10.087,4.4804,9.1487,6.0163,5.8441,8.5331,9.1394,5.5588,9.1462,10.524,11.686,4.6278,5.9824,3.4912,6.204,7.4791,2.265,4.9483,3.7072,3.8326,5.0305,10.685
2024,8,11.734,5.6062,9.3037,6.9744,9.4061,7.0764,11.697,6.9313,8.2054,7.0438,10.603,4.764,6.8524,2.7749,7.3424,8.4802,5.8826,6.2758,11.709,6.3772,5.68,6.6624
2024,9,5.1782,4.7644,4.175,7.4234,5.3958,2.3256,3.4057,2.1622,2.9965,2.4338,4.3448,6.7787,7.0503,5.1553,9.8566,2.2712,2.8243,4.4771,7.3549,4.6902,4.5548,2.0876
2024,10,1.413,3.043,1.3684,8.144,2.9459,1.6492,2.1329,1.019,2.6206,1.8432,1.7789,8.8771,9.5428,8.5899,11.397,1.3118,2.693,3.104,8.1714,7.4271,3.1192,1.7517
2024,11,0.99744,1.3889,0.85788,3.7229,1.737,0.36578,1.2605,0.56794,1.4194,0.83475,1.0323,4.012,3.5144,2.0083,3.8135,0.78244,2.1899,1.3947,3.0815,4.2112,1.6145,0.89721
2024,12,0.61456,0.74158,0.45583,1.6486,0.9695,0.048103,0.58864,0.23626,0.67136,0.34287,0.46454,1.4853,1.5771,0.75349,1.8794,0.34662,1.5077,0.61628,1.9212,1.1246,0.85679,0.3685
2025,1,0.56614,0.69655,0.46593,0.67313,0.73339,0.22434,0.36723,0.15686,0.51094,0.29689,0.45595,0.69904,0.8638,0.4449,1.001,0.21624,1.0789,0.34719,1.2824,0.68824,0.75369,0.33657
2025,2,0.49259,0.53398,0.39277,0.24433,0.53725,0.055072,0.16984,0.10788,0.34986,0.15787,0.35025,0.24624,0.36346,0.26812,0.45078,0.12436,0.76909,0.23071,0.84791,0.3864,0.5667,0.23134
2025,3,0.44162,0.5211,0.34159,0.46887,0.46267,0.25603,0.086887,0.1086,0.36649,0.1342,0.2875,0.20295,0.71932,0.26582,0.30058,0.16117,0.63335,0.47228,1.0194,0.52712,0.53109,0.23041
2025,4,0.50288,0.79491,0.51024,0.77693,0.62351,1.4462,0.38923,0.26405,0.81297,0.325,0.598,0.37185,1.0046,0.30377,0.4392,0.36985,0.59594,0.97151,1.0699,0.81758,0.93321,0.65547
2025,5,0.93744,1.7289,0.89134,1.175,1.2448,1.9703,0.92538,0.38468,1.1988,0.52872,1.0639,0.79686,1.2739,0.46986,0.94039,0.63049,0.92757,1.9649,1.3741,0.91461,1.698,1.1048
2025,6,2.5428,2.475,1.3788,2.2159,1.7388,3.8211,1.5758,0.60493,1.9905,1.0197,1.8961,1.6394,1.7611,1.0019,1.8198,0.97471,1.2205,2.9259,1.7442,1.8961,2.6999,2.0127
2025,7,4.4651,2.5611,3.5937,3.6285,2.0395,5.2112,9.953,0.82182,2.6931,6.3646,4.8668,4.2391,2.3235,1.1592,4.6331,1.3363,1.4293,3.114,2.1171,2.6133,3.0207,5.2395
2025,8,1.8564,2.1535,2.1754,5.7488,1.9397,3.5755,10.393,0.84472,2.7764,5.7466,2.6716,2.5762,6.0513,1.6005,5.5007,1.8949,1.525,3.2052,2.9478,2.5071,2.5831,2.3098
2025,9,3.1986,2.5819,3.2432,3.9195,2.2976,3.2914,5.6748,1.0079,3.8492,4.4091,3.7694,4.524,6.8469,1.8338,6.1052,2.4078,1.5993,2.9444,3.6632,4.6628,2.9418,2.2971
2025,10,4.3692,2.7399,2.9547,3.898,2.6422,1.2983,2.4771,1.4615,2.7258,2.1337,1.8699,5.9016,3.6389,2.0682,6.2182,1.3003,1.6035,2.4592,5.8963,6.8817,2.746,1.8558
2025,11,1.2457,1.5716,1.1619,3.9394,1.8773,0.93152,1.8484,0.71339,1.78,1.1733,1.2609,5.2028,3.5806,1.7266,3.4508,0.81351,1.1629,1.2907,3.4195,4.7087,1.6661,1.1351
2025,12,0.97959,0.86896,0.74928,2.5543,1.1073,0.29859,1.0127,0.34522,0.92856,0.5457,0.67211,2.3017,3.5282,1.0379,2.2411,0.3955,0.88472,0.70592,3.2872,1.7827,1.0099,0.5658
2026,1,0.87905,0.7821,0.6143,0.80849,0.79598,0.37025,0.58733,0.22867,0.68329,0.38459,0.56924,1.0061,1.104,0.44265,1.2103,0.24292,0.66337,0.40248,2.1421,0.58975,0.9565,0.40628
2026,2,0.95159,0.94125,0.67705,0.31897,0.76776,0.91772,0.38385,0.2491,0.87948,0.38821,0.78986,0.3605,0.44282,0.28388,0.53776,0.25912,0.56152,0.51636,1.2938,0.41723,1.1885,0.72295
2026,3,0.89644,0.9137,0.6449,0.53279,0.71886,1.2471,0.43655,0.25415,0.95267,0.58935,0.80682,0.23915,0.94996,0.31172,0.36535,0.27968,0.52459,0.65361,1.3118,0.62102,1.2048,0.80275
2026,4,0.80728,0.69826,0.46603,0.82453,0.55815,0.77412,0.31793,0.16898,0.71591,0.28328,0.571,0.28899,0.71662,0.223,0.3008,0.22075,0.44913,0.54667,1.1078,0.73264,0.8821,0.52888
2026,5,0.97659,1.3488,0.91324,1.907,0.96143,1.3252,0.7219,0.2996,0.95737,0.48144,0.98833,1.1696,1.4746,0.65025,1.2318,0.45218,0.61995,1.3713,1.5801,1.3619,1.4759,1.1177
2026,6,7.2966,3.7806,10.474,2.7863,2.3903,5.227,1.6255,1.0122,2.8821,1.5406,10.497,1.6688,1.9023,1.0774,1.919,1.307,1.1737,3.3643,1.9931,2.1234,4.1396,8.5981
2026,7,15.882,6.3425,14.322,9.8566,10.735,5.3501,5.8248,7.084,8.9394,5.472,13.047,7.624,7.3777,5.2577,10.668,8.0574,2.3841,5.4872,9.6547,4.5675,5.8612,8.3392
2026,8,16.377,7.7168,12.038,6.7356,13.854,6.8218,6.3939,9.3147,11.327,5.2897,12.548,3.9992,6.517,2.9645,6.8848,10.553,10.19,8.4444,14.969,3.9812,6.9851,7.3117
2026,9,12.521,7.9254,10.509,7.6789,10.949,3.729,2.4479,6.3217,8.6622,2.4424,7.9861,5.3831,7.4235,3.1131,7.6536,6.0214,6.8536,6.9126,9.5324,4.6923,6.9554,5.114
2026,10,11.073,5.6781,3.9429,14.975,6.6265,1.5945,2.0635,2.0154,2.9764,1.9528,2.0516,10.043,17.465,5.4006,12.833,2.5529,5.3859,5.2935,20.663,14.01,4.7438,2.0872
2026,11,1.2432,2.5646,1.1149,3.9265,2.2761,0.73185,1.3482,0.66185,1.823,1.0796,1.1596,5.3382,6.4824,1.6956,3.6921,0.89212,2.1842,2.4288,3.7705,6.5796,2.5832,1.2589
2026,12,1.0398,1.4862,0.9332,2.1556,1.5461,1.7874,1.2232,0.46292,1.3498,0.85378,1.019,2.0621,2.5091,1.0426,2.0435,0.63018,1.7283,1.4093,3.4975,1.5731,1.6916,1.3794
2027,1,0.77246,0.82992,0.5932,0.74488,0.94234,0.23893,0.58677,0.23619,0.75659,0.37427,0.55866,0.9298,0.87968,0.47651,1.1454,0.3054,1.1951,0.67319,2.5,0.6405,1.0618,0.6619
2027,2,0.83475,0.92432,0.59235,0.37364,0.94026,0.53856,0.38103,0.23346,0.7534,0.28152,0.60695,0.34909,0.52248,0.30107,0.51464,0.28165,0.9757,0.83049,1.6552,0.53157,1.1785,0.55665
2027,3,0.65778,0.64018,0.43238,0.51948,0.68829,0.80109,0.31845,0.16675,0.6728,0.30459,0.44704,0.22209,0.72313,0.26889,0.3351,0.23527,0.75471,0.72961,1.395,0.57076,0.85443,0.45477
2027,4,0.59799,0.7846,0.42959,0.56153,0.71643,1.524,0.43935,0.28265,0.86287,0.48248,0.54689,0.27857,0.75347,0.25731,0.32035,0.3483,0.65606,1.1047,1.0009,0.78023,1.0286,0.56055
2027,5,0.95355,1.7421,0.98984,1.5832,1.3003,3.1204,1.2317,0.52007,1.6291,0.97433,1.4524,1.0671,1.3923,0.72087,1.1429,0.69122,0.90131,2.0136,1.3677,1.1218,2.0066,1.7395
2027,6,6.6339,3.7572,6.8182,2.9086,2.6471,3.7403,1.7994,1.1433,2.9382,1.4482,8.053,1.5761,2.1625,0.95877,1.9631,1.2048,1.4926,3.4149,1.9644,2.0897,3.825,4.9884
2027,7,10.74,5.155,8.5358,5.7756,7.7866,5.5238,7.6354,5.6449,7.791,3.4606,9.8572,4.1972,2.8915,1.3913,5.2111,5.9751,2.2861,4.8568,2.9754,2.7491,4.9626,6.2397
2027,8,9.102,5.2997,8.4319,5.5565,8.1631,4.8136,6.0575,5.0197,7.2976,3.2868,9.5683,2.5636,3.6278,1.3056,4.2626,5.8304,2.7405,5.1721,3.683,2.631,5.4442,4.0815
2027,9,14.304,7.3015,11.582,10.729,11.88,3.37,5.1105,6.6004,10.195,3.6009,12.606,8.4034,11.711,2.7706,9.6609,6.7251,6.3723,5.25,12.126,8.9875,6.8481,4.6481
2027,10,6.2777,5.1981,3.6528,7.7537,4.9847,1.9497,4.1384,2.5498,2.9947,2.2096,3.4272,5.8806,11.148,3.405,7.0177,2.6587,3.7155,4.0165,11.724,7.1059,4.5767,2.0569
2027,11,1.2097,2.4807,1.1478,5.4811,2.2117,1.3275,2.1164,0.7401,2.0029,1.4571,1.4012,4.6414,3.6192,1.2493,2.5911,0.9451,2.2222,1.9063,3.8074,6.5428,2.4687,1.4717
2027,12,0.91393,1.1946,0.71878,2.3199,1.3361,0.2527,1.1074,0.35931,1.0486,0.59087,0.73751,2.1118,2.5978,0.81118,2.0718,0.46896,1.6324,0.89,3.0398,1.712,1.2835,0.70154
2028,1,0.77265,0.83671,0.51973,0.7855,0.8482,0.049207,0.49055,0.19953,0.61221,0.26037,0.4487,0.92571,1.0465,0.37561,1.1006,0.2348,1.1548,0.46305,2.0403,0.60418,0.772,0.38224
2028,2,0.86898,1.1081,0.59651,0.57332,0.93966,1.2079,0.38881,0.31534,0.95586,0.41362,0.74743,0.44057,0.92706,0.2876,0.54937,0.35544,1.0311,0.9303,1.5731,0.7634,1.233,0.70674
2028,3,0.6671,0.62089,0.36575,0.44565,0.59794,0.22687,0.1818,0.15262,0.5061,0.16425,0.37191,0.2379,0.64684,0.24116,0.33671,0.16874,0.76325,0.50581,1.0626,0.51309,0.67793,0.32394
2028,4,0.65036,0.72197,0.29689,0.82771,0.65642,0.61143,0.17216,0.19971,0.56354,0.16107,0.32046,0.35995,1.0226,0.30145,0.40182,0.27459,0.72528,1.0537,1.1584,0.84781,0.72457,0.27405
2028,5,1.1357,2.2267,1.2782,1.554,1.6848,2.9508,0.8851,0.67553,1.8744,0.66297,1.7377,1.0233,1.3542,0.65767,0.96295,0.84914,0.98895,2.4941,1.5078,1.1916,2.7086,1.7258
2028,6,1.3561,2.1531,1.4579,1.8036,1.8262,4.3596,1.9569,0.90675,2.5388,1.2641,3.3846,1.1374,1.3618,0.85627,1.3689,1.2492,1.2908,3.5726,1.769,1.4278,2.9819,4.3802
2028,7,5.1225,3.3023,7.0456,3.0302,2.8212,5.7125,9.3273,4.1708,5.7703,5.0585,6.6668,1.7354,2.7889,0.79317,1.9008,6.0533,2.0322,4.8232,3.1031,2.185,3.6766,5.3244
2028,8,16.612,6.4351,13.805,3.92,12.366,6.7798,10.19,8.6777,11.689,8.6094,15.601,2.1783,3.6376,0.96129,2.4141,9.7756,6.0687,6.5143,9.8317,2.3133,6.2467,7.7909
2028,9,2.6776,4.1647,2.8187,7.6285,4.1553,2.882,2.9378,2.3019,3.5217,2.7798,3.3826,4.8556,7.096,1.6095,6.1645,3.0568,2.8111,4.9443,7.8198,6.5613,4.2207,2.2026
2028,10,1.363,2.4345,1.2245,11.402,2.6466,1.9153,3.4866,0.93055,2.4506,2.1823,1.5015,9.5488,11.572,7.0379,12.925,1.272,2.5869,3.1152,9.4983,9.997,2.6587,1.8334
2028,11,1.1106,1.3766,0.85598,3.868,1.7727,0.58532,1.7302,0.56932,1.4874,1.1166,0.9351,5.701,6.9385,2.0713,5.604,0.80923,2.0492,1.5413,3.7732,6.6314,1.5551,1.1045
2028,12,0.77976,0.68992,0.52032,1.9218,1.0501,0.084706,0.85098,0.27723,0.78232,0.46719,0.49765,1.6262,2.3898,0.69666,1.9088,0.40727,1.4946,0.73923,3.0395,1.2094,0.82306,0.54152
2029,1,0.63188,0.48532,0.37944,0.80085,0.6944,0.04527,0.40306,0.1537,0.48506,0.2261,0.34416,0.76073,1.1096,0.39274,1.0151,0.21241,1.063,0.40579,2.0383,0.73129,0.53974,0.29588
2029,2,0.85707,1.2392,0.65147,0.39841,0.93803,0.29918,0.20387,0.22426,0.73871,0.15749,0.69907,0.2985,0.54999,0.25379,0.47999,0.23701,0.86183,0.58354,1.2858,0.49286,1.2093,0.42987
2029,3,0.63691,0.77189,0.43556,0.78103,0.6307,0.61115,0.2751,0.13424,0.56038,0.26114,0.44489,0.28743,1.0664,0.32776,0.42488,0.15456,0.62515,0.43077,1.351,0.79074,0.805,0.38587
2029,4,0.6854,1.0771,0.47502,1.2339,0.88007,1.5659,0.63319,0.34718,1.0693,0.51784,0.71441,0.45936,1.4317,0.29038,0.49138,0.49936,0.74278,1.4839,1.5073,1.1729,1.1977,0.67789
2029,5,0.83865,1.9822,1.2018,1.3544,1.3458,4.8783,1.947,0.7387,2.383,1.2911,4.7124,1.0951,1.0784,0.72229,1.0804,1.0007,0.73289,2.0171,1.2237,1.0098,2.7931,5.559
2029,6,0.93227,1.7923,1.3045,2.5001,1.3971,5.494,4.7797,0.95337,2.8761,1.9748,4.6464,1.5763,1.8729,0.98663,1.7826,1.7926,0.9589,2.7864,1.729,1.8945,2.7152,5.7255
2029,7,7.5467,3.4209,6.0111,3.9327,2.5433,6.4107,7.3332,4.2091,6.9463,4.6828,8.6255,4.1695,2.5101,1.484,4.9301,5.5881,1.5689,3.8767,2.4418,2.7955,3.8273,7.141
2029,8,4.9203,3.5791,7.3846,5.8066,3.1399,5.4486,4.7494,4.1439,6.7287,3.0241,8.1547,3.8824,6.0665,1.6536,5.0563,5.684,2.0016,4.5918,3.5186,2.5785,4.1892,6.35
2029,9,10.317,5.1248,12.509,6.7114,9.9144,6.4695,6.7005,7.5607,9.7621,6.8101,13.529,5.0779,7.8661,1.9826,6.6399,8.0979,2.7371,5.3962,10.769,6.5544,5.5596,9.7005
2029,10,1.3473,2.6307,1.4118,8.7545,2.6256,1.2358,1.784,0.91139,2.3662,1.6445,1.7574,7.7688,8.6967,6.9145,11.716,1.1113,2.1986,2.9269,10.215,7.3482,3.0733,1.7844
2029,11,1.0936,1.3405,0.98989,3.8856,1.6493,0.4296,1.1547,0.53644,1.4022,0.86353,1.0849,4.8039,7.6361,1.9484,4.8346,0.6582,1.6739,1.4667,5.1619,6.5802,1.6391,1.0387
2029,12,0.86105,0.88953,0.65966,1.8816,1.2316,0.55062,0.58527,0.33896,0.92169,0.39036,0.65419,2.2165,3.2628,1.1501,2.4052,0.4883,1.6741,1.4211,17.659,1.3209,1.0331,0.59582
2030,1,0.77529,0.75422,0.56522,1.0862,0.98485,0.33768,0.32121,0.25404,0.69967,0.22211,0.51692,0.97506,2.732,0.44205,1.3574,0.36261,1.3702,0.95244,4.7824,1.1938,0.81447,0.44031
2030,2,0.60981,0.6507,0.48335,0.44682,0.71128,0.69162,0.19,0.19159,0.65035,0.19725,0.52608,0.36055,0.80528,0.28283,0.59299,0.24473,0.98104,0.65563,2.752,0.5031,0.83056,0.4976
2030,3,0.51175,0.54959,0.44783,0.39337,0.52774,0.95848,0.47625,0.1608,0.61806,0.51671,0.5179,0.16517,0.61026,0.24453,0.30834,0.19911,0.73254,0.55242,1.8049,0.45341,0.78965,0.61447
2030,4,0.52978,1.23,0.70143,0.7034,0.78052,3.0682,0.61653,0.4746,1.5691,0.65902,1.1582,0.31891,0.88872,0.2533,0.34795,0.60008,0.70721,1.4751,1.467,0.73592,1.7262,1.4504
2030,5,1.0737,2.5796,1.3976,1.7881,1.6429,3.0262,1.188,0.79539,2.4082,0.9172,4.2487,1.0246,1.4962,0.6396,1.0405,0.98325,1.049,2.7019,1.8674,1.2361,2.9249,2.2907
2030,6,2.1156,2.8561,5.1498,3.0678,2.0861,4.4497,2.0575,1.0301,4.2885,1.4912,6.5777,2.067,2.2723,1.0461,2.038,1.8077,1.3811,3.6381,2.2385,2.3234,3.4348,5.5305
2030,7,3.9695,2.8042,2.9254,3.8838,2.3989,2.9722,2.1983,1.5658,2.9728,1.5466,3.4436,3.8944,2.5014,1.1364,3.8152,2.3553,1.7002,3.612,2.7091,2.3347,3.0863,2.3126
2030,8,7.2746,3.3414,5.8993,5.5473,2.8953,3.2251,6.3961,1.6933,2.9643,3.1597,5.8441,3.7733,3.358,0.96346,3.497,2.9427,1.9278,3.6035,3.4075,2.2409,3.5184,2.3069
2030,9,2.1273,2.4687,1.6654,7.6823,2.5926,1.4101,3.4189,0.89267,2.2895,2.3809,1.7636,5.7819,6.6348,1.8927,7.7935,1.2091,1.8283,2.9251,4.4452,4.6644,2.5028,2.0064
2030,10,1.1921,1.5429,1.163,6.3146,1.8055,0.73303,1.9538,0.55956,1.4503,1.6314,1.2427,4.0933,8.4012,1.3946,4.2846,0.77141,1.3001,1.7378,3.866,4.6869,1.5815,1.3215
2030,11,0.90821,0.91871,0.81987,3.8128,1.1234,0.88715,1.5896,0.33333,0.94707,1.0662,0.79872,4.5841,3.634,1.9661,4.007,0.43671,0.89507,0.90447,3.0959,4.6368,1.0495,0.91971
2030,12,0.68005,0.55448,0.55829,2.8815,0.72455,0.19627,0.81336,0.18432,0.54516,0.45082,0.47978,2.2576,2.7159,0.98867,2.2025,0.23202,0.68926,0.49689,2.3828,2.1766,0.6597,0.54485
2031,1,0.4674,0.29451,0.34612,0.95208,0.41865,0.051633,0.36901,0.090564,0.29783,0.19779,0.25372,0.92722,0.89386,0.39161,1.135,0.11305,0.46544,0.26959,1.4113,0.64159,0.35449,0.28143
2031,2,0.3811,0.27694,0.2514,0.45243,0.35457,0.10773,0.15838,0.076081,0.22639,0.10122,0.16165,0.34129,0.58113,0.25148,0.49421,0.097538,0.39464,0.35784,0.96565,0.59019,0.27483,0.15518
2031,3,0.32866,0.25656,0.21035,0.43154,0.2651,0.21044,0.13927,0.05246,0.18334,0.12656,0.15561,0.16735,0.54802,0.20357,0.24654,0.080071,0.29487,0.26478,0.80561,0.54467,0.25418,0.17984
2031,4,0.24787,0.26159,0.15072,0.79174,0.26328,0.27288,0.094329,0.086356,0.26466,0.09202,0.14291,0.28813,0.82998,0.2701,0.37418,0.11026,0.30282,0.49387,0.97894,0.78199,0.30822,0.1781
2031,5,0.2476,0.48969,0.27829,1.3987,0.35119,1.0416,0.33803,0.1468,0.4801,0.27376,0.38419,1.1527,1.1351,0.66474,1.0249,0.20326,0.28599,0.65959,0.92728,1.3845,0.63155,0.51417
2031,6,0.91222,2.3471,1.2193,2.2511,1.5963,3.4803,0.77267,0.63919,1.8195,0.77673,1.6676,1.561,1.4542,0.80185,1.5985,0.88805,0.85503,2.4361,1.6691,1.6843,2.4791,2.0551
2031,7,7.9052,4.4199,10.693,3.3839,3.3858,4.7921,1.4823,2.792,5.1835,1.5776,11.126,2.0711,2.3062,0.9814,2.1879,4.1102,1.4837,3.5475,2.2639,2.4061,4.4877,8.7995
2031,8,5.8393,4.27,8.718,3.3442,4.457,4.6409,2.1506,3.5766,5.9571,1.8615,9.2893,2.5297,2.251,1.5733,4.4438,4.065,1.6584,3.6188,2.6691,1.5964,4.8317,5.9178
2031,9,1.3988,3.8188,5.0582,6.896,3.5854,4.088,3.4885,2.5887,5.5082,3.6734,5.9635,4.3484,7.6359,1.8053,5.934,4.5114,1.9311,4.2517,8.7089,6.6903,4.4892,5.7044
2031,10,1.0368,1.9795,1.1843,7.4015,2.1672,1.1129,1.7031,0.74978,2.1855,1.4296,1.4669,6.7968,10.683,3.2774,7.921,1.0533,1.3816,2.1583,4.5925,4.654,2.4756,1.6192
2031,11,0.68178,0.96369,0.78327,2.9516,1.2393,0.25197,1.1463,0.3695,1.2125,0.66225,0.81459,2.4786,3.5763,0.98956,2.4122,0.56787,0.91153,1.008,2.9025,3.1086,1.3056,0.90665
2031,12,0.51408,0.61567,0.5733,1.3784,0.78381,1.2419,1.0596,0.24306,0.88205,0.69694,0.71681,1.7761,2.1511,0.59497,1.7309,0.37301,0.66936,0.58038,2.2369,1.2825,0.94144,0.84043
2032,1,0.33618,0.29919,0.34834,0.55082,0.44614,0.29229,0.54512,0.11658,0.47533,0.3378,0.42482,0.78357,0.90403,0.32198,0.88407,0.20153,0.4483,0.2786,1.3716,0.62091,0.50101,0.43576
2032,2,0.61101,0.88367,0.59635,0.27916,0.68304,0.45801,0.3179,0.16627,0.62981,0.33596,0.61131,0.32016,0.43768,0.21024,0.40502,0.22028,0.46446,0.4771,0.96017,0.45104,0.83046,0.59534
2032,3,0.49783,0.62835,0.4785,0.24976,0.53579,0.62823,0.27176,0.11644,0.49011,0.33289,0.46847,0.15908,0.34536,0.1838,0.2247,0.1595,0.37187,0.36162,0.61338,0.37226,0.691,0.53764
2032,4,0.49069,0.76751,0.46601,0.91476,0.63452,0.52681,0.21403,0.18615,0.55351,0.23418,0.48664,0.34008,0.75164,0.21978,0.36803,0.24739,0.41408,0.72845,0.81951,0.71358,0.85127,0.45446
2032,5,0.40165,0.75984,0.38614,1.4002,0.56696,2.0948,0.82475,0.22893,0.78842,0.64871,0.79142,1.0794,1.0302,0.60126,0.9901,0.35823,0.45847,1.1103,0.94309,1.2351,1.0301,0.8437
2032,6,0.8232,2.1301,1.2004,2.1167,1.3458,3.5451,1.4809,0.56046,1.8382,1.2732,2.4803,1.373,1.3805,0.80197,1.4646,0.7725,0.70565,1.8769,1.2343,1.5516,2.5267,2.2692
2032,7,1.3056,3.0159,5.0806,3.8578,1.8459,4.0144,3.5808,0.81029,2.4893,1.9364,6.4169,2.5717,2.1009,2.816,4.2308,1.0803,1.0485,2.41,1.6751,2.9086,3.3366,5.4858
2032,8,2.7623,2.8411,7.0548,3.1126,2.1194,9.1094,15.249,4.4338,8.8074,10.276,11.426,1.8478,2.351,0.89033,2.3061,6.315,1.2818,3.3856,2.4809,1.5397,4.3363,12.054
2032,9,11.994,4.7672,12.317,9.9754,6.7695,4.9044,5.6424,5.9362,8.5516,4.7878,11.909,6.3233,11.191,2.6542,8.5617,6.7485,2.1025,4.9151,12.112,8.0773,5.561,8.1849
2032,10,3.1232,3.3003,3.1395,10.325,3.117,2.2291,2.3168,2.2907,3.4478,1.8714,3.4072,7.3463,12.651,3.0957,8.6205,2.9214,1.9361,3.5388,9.2859,9.3239,3.953,2.3104
2032,11,1.22,1.8265,1.201,3.8889,2.3293,0.54839,1.4394,0.79969,2.18,0.87472,1.3577,2.5235,8.8882,1.6346,3.4426,1.0632,1.6545,2.1656,9.3814,4.6842,2.2795,1.4734
2032,12,1.0234,0.99665,0.86458,2.1619,1.5286,0.35603,0.9781,0.45555,1.3025,0.46597,0.84856,1.903,3.4235,0.84486,2.0801,0.63097,1.2458,1.1166,3.8706,1.572,1.2677,0.91182
2033,1,0.82048,0.66392,0.61556,0.79998,0.99044,0.1363,0.48096,0.24557,0.76901,0.23162,0.52925,0.86948,1.3441,0.38888,1.112,0.33205,0.89894,0.56208,2.7663,0.66301,0.71733,0.51776
2033,2,0.83921,0.69765,0.55276,0.34815,0.88962,0.28307,0.25236,0.19688,0.60641,0.14666,0.45078,0.32919,0.59928,0.25164,0.49758,0.24663,0.77629,0.5982,1.8493,0.45557,0.64455,0.40971
2033,3,0.74391,0.68142,0.51354,0.3315,0.6726,0.71601,0.30202,0.14358,0.51746,0.33063,0.4412,0.20246,0.40879,0.2538,0.29154,0.17172,0.55462,0.43297,1.0433,0.49697,0.63933,0.5511
2033,4,0.69588,0.87171,0.63395,0.78881,0.69867,0.86137,0.30332,0.21675,0.67026,0.30678,0.60927,0.29056,0.71974,0.26675,0.37601,0.24381,0.47982,0.68468,1.0175,0.661,0.92952,0.72351
2033,5,0.73436,1.6727,1.105,1.3408,1.0715,2.512,1.0158,0.43707,1.3104,0.97712,1.3474,0.99801,1.1591,0.53876,0.90562,0.5551,0.5451,1.5391,1.1613,1.338,1.9321,1.6249
2033,6,0.88275,1.6178,1.1023,2.3688,1.2432,2.7537,1.3533,0.43718,1.4203,1.171,1.5283,1.5341,1.3835,0.82611,1.6439,0.64805,0.76626,1.7434,1.4745,1.6172,2.0975,1.933
2033,7,1.4069,2.9802,5.0307,6.1681,2.4855,4.3585,2.4411,0.90271,2.55,1.9291,6.6476,4.6295,2.8942,2.9476,6.1079,1.3258,1.4517,3.2733,2.4927,3.5594,3.5242,5.3947
2033,8,6.6684,3.8144,8.2547,3.9174,3.7438,3.4905,3.8675,3.605,4.878,2.065,7.8959,2.387,3.6281,1.6083,3.4414,4.1416,1.776,4.0939,6.0705,2.5005,4.2395,4.4122
2033,9,6.7869,3.8583,6.5206,7.5687,4.7143,2.9727,2.9384,3.4096,4.3812,2.1276,5.9695,5.8855,8.0583,4.1278,8.3263,4.1709,2.2526,4.4487,11.577,6.7176,4.1188,2.3086
2033,10,2.2545,2.837,1.8617,7.0734,2.8685,1.5311,2.0085,1.3631,2.7067,1.4132,1.9583,6.7985,9.551,3.6413,7.9082,1.2964,2.0152,3.0873,7.8528,4.6874,3.0006,2.067
2033,11,1.1694,1.5217,1.1255,5.4774,2.0635,0.44911,1.2725,0.72889,1.7155,0.69828,1.3101,3.8584,7.243,1.4438,2.5705,0.87525,1.5532,1.6938,5.4195,4.6886,1.7033,1.3125
2033,12,0.84282,0.77496,0.73653,1.8519,1.216,0.13162,0.63346,0.37116,0.91954,0.32954,0.72946,1.7898,1.8372,0.75624,1.8476,0.4484,1.041,0.78987,2.7767,1.2735,0.93303,0.68062
2034,1,0.6299,0.51463,0.47928,0.84564,0.81226,0.36022,0.35943,0.21714,0.64916,0.20882,0.4453,0.7694,1.7039,0.37603,0.94355,0.27345,0.80842,0.51714,2.4971,0.66588,0.60632,0.4213
2034,2,0.69516,1.0141,0.66388,0.45788,0.87671,0.60335,0.29852,0.2487,0.84214,0.30594,0.7384,0.31449,0.72739,0.23731,0.43273,0.26171,0.67788,0.64613,1.6678,0.59323,1.0956,0.72007
2034,3,0.47712,0.51497,0.36836,0.37006,0.50822,0.20925,0.15623,0.12722,0.43494,0.12574,0.3669,0.20954,0.55438,0.27713,0.27977,0.13446,0.50027,0.42276,1.0817,0.48375,0.638,0.31883
2034,4,0.47093,0.64851,0.37911,1.0137,0.5032,0.3535,0.14806,0.13181,0.4906,0.13974,0.43808,0.3481,1.0445,0.28196,0.42962,0.13545,0.42873,0.45596,0.95727,0.96668,0.76577,0.37338
2034,5,0.50568,0.96117,0.519,1.6325,0.69543,1.1579,0.38354,0.2307,0.71695,0.38927,0.58802,1.2363,1.3313,0.76338,1.187,0.29014,0.51301,1.1166,1.2067,1.5446,1.0841,0.96816
2034,6,1.3343,3.4359,6.4863,2.5239,2.1749,3.2654,1.0871,0.85013,2.3664,0.9136,5.8318,1.69,1.7119,0.73345,1.6667,1.0512,1.0489,2.8185,1.8791,1.8995,3.5315,5.0928
2034,7,12.626,6.1998,16.959,5.7705,9.593,6.45,8.0152,6.6101,9.8056,6.8738,17.15,4.1957,2.6974,1.7553,3.7833,7.067,1.8861,4.4132,2.7147,2.6052,6.2363,12.704
2034,8,9.9727,6.5336,14.371,3.9339,8.2079,5.8648,8.936,7.5107,10.338,5.365,14.865,4.368,3.1062,3.195,5.8181,8.0209,2.3927,5.6694,3.6284,2.1937,7.0606,9.1053
2034,9,4.947,4.6835,5.1584,8.7292,4.1635,2.3706,2.3687,2.1073,3.4713,1.9399,4.569,6.5585,7.964,4.7567,9.5119,2.8379,2.5805,4.7735,10.036,6.933,5.0068,2.2429
2034,10,4.4375,3.6323,3.2749,6.9405,3.8751,1.6895,1.5783,2.2974,2.9722,1.0153,2.6691,6.1938,9.5157,3.051,7.6032,2.9558,2.6807,4.219,12.402,4.6545,3.8642,2.0954
2034,11,1.8234,2.4814,1.4196,3.8423,2.8105,1.0933,0.92972,0.92014,2.4633,0.57216,1.7635,2.5463,9.8698,1.8831,3.766,1.2192,2.4311,2.891,11.733,4.6625,2.6193,1.6989
2034,12,1.2191,1.4236,1.0843,1.7142,1.9872,0.5529,0.51257,0.58161,1.6252,0.29005,1.2687,1.636,1.7663,1.0834,1.9716,0.78591,1.9233,1.5749,3.1273,1.0855,1.5884,1.0597
2035,1,0.98265,0.94587,0.77971,0.98553,1.2043,0.106,0.24005,0.29144,0.87106,0.1302,0.72181,0.95919,1.0188,0.55753,1.2039,0.36758,1.4109,0.76505,2.0234,1.0623,0.91092,0.55315
2035,2,1.0192,1.1213,0.78044,0.51796,1.142,0.88633,0.28195,0.26334,1.0601,0.27036,0.72814,0.38491,0.69982,0.33012,0.56486,0.36136,1.1907,1.0402,1.5468,0.65341,1.1204,0.66094
2035,3,0.75308,0.62286,0.44055,0.4344,0.71283,0.19659,0.10895,0.1072,0.46925,0.096936,0.32136,0.24402,0.45213,0.33086,0.33618,0.18711,0.81351,0.57168,1.0296,0.49769,0.65301,0.25177
2035,4,0.62388,0.56758,0.31541,1.1922,0.64849,0.52718,0.14411,0.14799,0.43603,0.12761,0.29253,0.40637,1.0724,0.37964,0.52066,0.236,0.70418,0.93733,1.2302,0.92811,0.63073,0.25041
2035,5,1.0929,1.7576,0.91323,2.9465,1.3278,1.5266,0.36722,0.39416,1.1042,0.34792,0.93046,1.523,2.9576,0.73024,1.4309,0.5767,1.0551,2.2885,2.3166,2.5495,1.713,0.96663
2035,6,1.188,2.1337,1.39,3.5823,1.4366,2.8056,0.98579,0.48821,1.5678,0.86087,1.5124,2.1298,1.7771,0.97784,2.4117,0.67935,0.9423,2.084,2.1439,1.8672,2.3123,1.8557
2035,7,13.353,6.451,17.012,5.7035,9.3075,4.3851,1.5821,5.6398,7.4911,1.5314,17.198,4.1102,2.4952,2.6997,6.2734,5.6717,1.6848,4.078,2.7624,2.5263,6.2392,11.528
2035,8,6.761,4.9305,6.8424,3.9238,5.4912,3.3792,2.2846,3.218,3.9859,1.8382,6.9688,2.5615,2.8376,1.9272,4.447,4.0731,1.9142,4.3552,3.5087,2.1136,5.1899,3.859
2035,9,1.3772,2.7696,1.3842,8.2545,2.73,2.2895,2.397,0.95243,2.5088,1.7071,1.7834,6.0853,7.0654,3.4424,8.1032,1.3035,1.8053,3.3119,7.1655,6.717,3.3109,1.9702
2035,10,1.8667,1.9543,1.1164,9.3161,2.4945,2.4377,2.2943,0.95973,2.3495,1.2459,1.4054,5.1825,16.451,2.1588,5.4731,2.7101,1.9468,3.4031,20.159,8.5397,2.3322,1.5018
2035,11,1.1611,1.0232,0.72873,3.5939,1.6674,0.87871,1.417,0.59872,1.488,0.5887,0.82145,4.1433,8.0802,1.7076,2.5888,1.0282,1.504,1.9177,9.2996,4.7021,1.3705,0.88388
2035,12,1.0898,0.83805,0.66394,1.5885,1.218,0.47465,0.71374,0.38389,1.0581,0.32022,0.76291,1.9162,2.0474,1.0965,2.0803,0.67199,1.1287,1.056,3.3437,1.0275,1.1238,0.83814
2036,1,0.86456,0.4899,0.46622,0.73865,0.77231,0.1969,0.37282,0.20524,0.62695,0.19848,0.47094,0.88056,1.0549,0.47514,1.163,0.34972,0.81193,0.53808,2.2874,0.72116,0.67395,0.50776
2036,2,0.76494,0.62786,0.44242,0.39325,0.65394,0.54014,0.29715,0.17009,0.57406,0.25832,0.46977,0.35931,0.60331,0.31281,0.53497,0.24008,0.64327,0.53278,1.455,0.54348,0.72708,0.50537
2036,3,0.66461,0.60846,0.40859,0.40667,0.55443,0.38262,0.1471,0.13498,0.45441,0.14506,0.39872,0.20839,0.53172,0.29089,0.33379,0.181,0.53345,0.56099,1.069,0.5494,0.6355,0.39458
2036,4,0.49357,0.5739,0.30081,0.81095,0.53001,0.4396,0.14694,0.1226,0.42684,0.14302,0.32484,0.28699,0.85187,0.24705,0.36975,0.17434,0.44577,0.6304,1.0169,0.74072,0.61541,0.31882
2036,5,0.68697,1.2868,0.67605,1.5978,0.93253,1.8585,0.64848,0.29622,0.95053,0.58147,0.73835,1.2026,1.3304,0.76856,1.1539,0.52149,0.69639,1.8018,1.4596,1.4891,1.3895,0.88934
2036,6,0.98106,2.4589,1.2787,2.0461,1.6807,2.8794,0.96824,0.65499,1.8167,0.75596,1.5705,1.4175,1.4101,1.0111,1.7479,1.0206,1.0073,2.8626,1.8004,1.5764,2.582,1.7307
2036,7,6.2284,3.6779,4.4247,3.4107,2.5935,3.5483,1.4363,0.78917,2.1459,1.0296,2.9722,2.1271,2.9658,1.5121,2.4456,1.3185,1.6943,3.5827,2.9132,2.5532,3.0467,2.1569
2036,8,13.188,6.9996,21.199,5.6545,11.289,6.1673,5.7702,8.7066,11.909,4.3715,19.893,3.8596,3.2092,1.8248,5.0874,9.1909,1.9576,5.1423,3.3238,2.2935,6.9054,13.167
2036,9,13.28,5.9855,12.324,3.8933,8.5805,2.4267,1.8944,3.4513,5.105,1.7397,9.5315,4.2728,6.543,1.8457,5.5653,3.6239,2.3244,4.6085,3.6785,4.2456,5.8828,4.2147
2036,10,1.235,2.5606,1.2481,5.6067,2.2715,0.63043,1.1729,0.65151,1.8383,0.82013,1.4231,5.5301,6.3666,2.0566,5.1132,0.8592,1.6295,2.1887,2.9427,4.5503,2.9438,1.2345
2036,11,0.8265,1.2821,0.77967,5.6296,1.2579,0.16189,0.55904,0.30769,0.93378,0.35168,0.74108,2.5656,3.6215,1.5994,3.2995,0.43352,1.1045,1.0288,2.6878,4.6191,1.5547,0.55595
2036,12,0.77787,1.1814,0.81622,2.4483,1.0566,0.49967,0.2708,0.25885,0.98109,0.25596,0.8471,1.7589,3.013,0.8642,2.0837,0.34097,0.94321,0.74437,2.4934,1.6331,1.3595,0.80728
2037,1,0.61918,0.72088,0.59918,0.87678,0.71834,0.18382,0.14343,0.14332,0.58273,0.15802,0.54905,0.79148,1.2131,0.43255,1.1885,0.19583,0.68558,0.42413,1.6842,0.70264,0.83426,0.50007
2037,2,0.49205,0.60654,0.4201,0.58557,0.60771,0.43278,0.1468,0.13997,0.50243,0.15931,0.4121,0.44409,0.95289,0.30225,0.59653,0.17274,0.57095,0.51485,1.244,0.95428,0.66516,0.39224
2037,3,0.36501,0.35293,0.25694,0.36854,0.36901,0.11443,0.067673,0.066751,0.26539,0.072875,0.21165,0.20294,0.46911,0.26246,0.32071,0.078123,0.40268,0.28953,0.76242,0.4835,0.38118,0.19539
2037,4,0.499,0.60472,0.3253,1.1295,0.49517,0.46289,0.10617,0.13848,0.42948,0.11926,0.33453,0.34717,0.97585,0.34664,0.57753,0.1763,0.43193,0.63765,0.96009,0.88261,0.63347,0.33186
2037,5,0.77093,1.7613,0.98262,1.764,1.0977,1.3659,0.32523,0.38374,1.1077,0.37604,1.0611,1.1817,1.3907,0.71314,1.2534,0.49455,0.64292,1.6445,1.2628,1.6261,1.7862,1.0548
2037,6,1.1167,2.5508,2.4073,2.9123,1.7138,1.9791,0.60142,0.56742,1.6501,0.57879,1.706,2.004,1.7935,1.4189,2.2954,0.79661,0.97323,2.2819,1.775,1.8625,2.6456,1.6425
2037,7,8.1524,4.6077,9.9221,5.5249,4.1945,3.2132,1.5338,1.2479,2.818,1.2158,8.7419,2.5516,2.8057,1.4718,3.9066,2.8482,1.7546,3.5582,2.7965,2.404,4.2009,5.4324
2037,8,11.845,6.209,15.195,5.5211,9.9919,5.3679,5.3967,7.1161,8.4288,3.8839,14.249,3.8233,3.4443,1.6657,4.5598,8.0815,2.4621,5.4959,6.2194,2.0439,5.9238,9.173
2037,9,10.577,6.1713,9.9469,8.9431,7.7462,2.8731,2.1885,3.7519,5.2662,1.8536,8.2057,6.9114,7.9564,4.7178,10.011,5.712,7.3292,6.3867,14.059,7.1698,5.1725,3.9997
2037,10,1.2225,2.7785,1.2366,5.9262,2.2763,0.60713,1.2162,0.67205,1.8679,0.73748,1.3828,6.3302,7.3577,2.7436,6.9712,0.97456,2.3051,3.0776,4.1501,6.6643,2.6285,1.2174
2037,11,0.92208,1.4042,0.82939,3.8237,1.4086,0.23245,0.56749,0.32205,0.98609,0.30903,0.75619,2.5212,8.1966,1.4491,3.1452,0.51401,1.775,1.5689,4.9386,4.658,1.4329,0.63902
2037,12,0.66868,0.7493,0.54964,1.7291,0.8475,0.85773,0.78335,0.17625,0.65057,0.50606,0.52605,1.4551,2.1429,0.64515,1.7894,0.28422,1.2541,0.78192,3.0518,1.2004,0.8748,0.60832
2038,1,0.48404,0.41607,0.36606,0.61533,0.50906,0.12366,0.35058,0.088311,0.34868,0.20712,0.29079,0.65032,0.80426,0.36995,0.92963,0.15729,0.85607,0.38245,1.9395,0.58029,0.48914,0.29086
2038,2,0.54746,0.67243,0.37526,0.36235,0.61108,0.35173,0.18238,0.13151,0.40966,0.15036,0.3374,0.28628,0.59094,0.24902,0.43154,0.1768,0.73322,0.56982,1.3308,0.56068,0.58117,0.28909
2038,3,0.39582,0.44073,0.25565,0.23685,0.40463,0.17678,0.11996,0.068786,0.25376,0.11756,0.21943,0.17097,0.30182,0.27427,0.23818,0.092395,0.5314,0.32106,0.72582,0.36089,0.44088,0.20344
2038,4,0.3522,0.54836,0.2305,1.2277,0.51087,0.58812,0.13879,0.16384,0.45034,0.11431,0.2407,0.3878,1.0972,0.34442,0.50243,0.24124,0.59781,1.0065,1.0841,0.92454,0.63676,0.22377
2038,5,0.55772,1.2305,0.61148,2.3357,0.86168,2.2897,0.94284,0.35701,1.13,0.85874,0.83701,1.6862,1.9989,0.83998,1.4653,0.58099,0.75056,1.899,1.6853,2.1968,1.3689,1.0398
2038,6,0.67409,1.894,1.1253,3.9091,1.4437,3.379,1.412,0.68535,1.9738,1.0588,1.4781,2.5034,2.3418,1.5956,2.541,1.1075,1.0187,3.0056,2.1204,2.4403,2.3859,1.8194
2038,7,5.6318,3.9097,8.4147,5.6241,3.1332,5.2002,5.2897,4.4386,6.7642,2.2603,9.7668,2.5594,2.8851,1.9575,5.3373,6.3009,1.8419,4.6324,3.2449,2.5004,4.4017,6.8865
2038,8,12.794,5.6878,11.727,3.8889,9.2071,4.2647,5.5207,6.2152,8.4784,3.5722,12.567,3.8791,3.4133,1.9995,4.7186,6.5283,2.5855,5.5787,7.3018,2.3905,5.7352,6.6129
2038,9,9.0773,6.0648,10.347,7.7406,8.498,3.4015,2.4895,4.9655,7.3332,2.4303,9.2932,5.5253,7.3528,4.1733,8.1344,5.1986,5.6195,5.5045,11.486,6.5669,5.8588,5.1241
2038,10,2.7565,3.9204,2.3552,10.223,3.3073,2.3024,2.1508,3.0316,3.466,1.7177,1.8332,8.8725,14.931,4.4962,9.5546,3.5597,2.7652,4.3215,15.212,10.35,4.1383,2.163
2038,11,1.1621,1.8502,1.0354,3.9161,2.1347,0.40143,1.1597,0.69793,1.8026,0.69021,1.0353,4.6426,7.9947,2.14,4.6213,0.90144,2.1515,2.0453,4.2048,4.6704,2.1313,1.381
2038,12,0.98981,1.0904,0.71769,2.5481,1.4187,0.23396,0.55744,0.40178,1.1011,0.33976,0.69701,2.0041,2.8249,1.0824,2.202,0.5165,1.6394,1.0568,2.9663,1.8019,1.287,0.84188
2039,1,0.76915,0.63065,0.48096,0.90789,0.87008,0.1982,0.3196,0.19994,0.66225,0.213,0.43543,0.89961,1.1204,0.48223,1.2576,0.25527,1.1434,0.50646,1.9326,0.69738,0.79853,0.47663
2039,2,0.80355,1.0223,0.62599,0.25207,0.82846,0.47925,0.24028,0.19835,0.67311,0.23146,0.66834,0.28032,0.28861,0.29451,0.55525,0.21358,0.83224,0.45285,1.0252,0.33793,1.1204,0.63324
2039,3,0.65626,0.65247,0.43366,0.42905,0.58044,0.32972,0.14489,0.11971,0.43116,0.12498,0.39725,0.22674,0.4567,0.38627,0.39551,0.15188,0.66326,0.52025,0.7759,0.58536,0.77146,0.33006
2039,4,0.62725,0.77517,0.40491,1.0534,0.65767,0.65306,0.17311,0.19462,0.56231,0.16394,0.42179,0.32043,1.0088,0.29117,0.43568,0.24712,0.63758,0.90266,1.1029,0.77563,0.86787,0.38908
2039,5,0.70217,1.0658,0.58147,1.7515,0.75612,1.3472,0.49738,0.25733,0.82977,0.45354,0.60699,1.2119,1.3948,0.7664,1.0979,0.37053,0.63722,1.3281,1.2498,1.6657,1.1655,0.87408
2039,6,1.2744,2.4184,1.2156,2.8249,1.6092,2.5704,0.75866,0.58474,1.6615,0.65648,1.3792,1.7527,1.7396,1.098,1.888,0.87607,1.0397,2.6395,1.8988,1.9041,2.5255,1.6031
2039,7,11.724,5.1701,14.771,3.1441,5.089,3.711,1.7339,2.9944,5.33,1.6421,12.918,2.0946,1.9375,0.97873,2.338,3.2841,1.5352,3.4091,2.3423,2.035,5.2717,7.9392
2039,8,7.1203,4.913,9.3037,3.5117,6.5532,3.9724,2.4626,4.9649,7.2645,2.0149,9.1195,2.3819,2.6303,1.29,3.7529,5.2355,2.1241,4.6694,3.4005,2.072,5.4888,4.4952
2039,9,11.885,6.7546,14.148,7.4923,11.39,3.9059,3.7973,7.1459,10.382,3.6812,14.649,5.7726,7.5181,3.1856,8.345,7.5333,4.4666,5.9179,11.054,6.7975,6.8903,8.1518
2039,10,1.2009,2.967,1.3005,5.9933,2.4109,0.92459,1.687,0.81419,2.2733,1.2623,1.6001,6.3144,7.1093,2.8213,7.47,1.0462,2.09,2.8034,3.7703,6.6273,3.3809,1.5451
2039,11,1.0176,1.6092,0.88734,10.325,1.6022,0.61935,1.003,0.49055,1.3645,0.63636,0.91335,7.8004,13.455,3.6008,7.6521,0.71557,1.7908,1.8474,13.97,10.446,1.933,0.84541
2039,12,0.69106,0.77018,0.49879,2.7045,0.9005,0.11372,0.54451,0.21905,0.68641,0.2898,0.43291,2.0279,2.8295,1.2952,2.3343,0.3439,1.2879,0.86308,3.5457,1.6917,0.99588,0.37737
2040,1,0.46729,0.38776,0.3172,0.91652,0.53801,0.027563,0.26419,0.10883,0.40284,0.13042,0.23889,0.88326,0.98042,0.48896,1.2917,0.1619,0.87455,0.40236,2.3245,0.60784,0.5448,0.17845
2040,2,0.49739,0.6582,0.43142,0.56254,0.60768,0.33959,0.20092,0.15005,0.4866,0.15124,0.38374,0.31906,1.0456,0.30826,0.56277,0.16978,0.70281,0.51408,1.5925,0.74201,0.72447,0.35631
2040,3,0.53756,0.73228,0.50068,0.51988,0.59829,0.77428,0.2432,0.15332,0.5394,0.31194,0.45068,0.20067,0.7029,0.26865,0.31681,0.19163,0.61656,0.65409,1.2503,0.57425,0.74573,0.52923
2040,4,0.58798,0.61778,0.35263,0.8335,0.50897,0.35583,0.15385,0.10047,0.37082,0.16228,0.3126,0.32225,0.74629,0.29979,0.43143,0.14632,0.56633,0.62035,1.1055,0.69682,0.578,0.32758
2040,5,0.58186,0.80523,0.41859,1.7093,0.64643,1.3785,0.54316,0.20539,0.64742,0.45649,0.57366,1.2467,1.465,0.74043,1.1892,0.33688,0.60509,1.5281,1.3606,1.652,0.97031,0.60006
2040,6,1.0598,1.9691,0.98999,2.5025,1.4645,2.2717,0.71567,0.49894,1.4264,0.59298,1.2732,1.7706,1.569,0.95202,1.8502,0.75099,0.90925,2.5384,1.8458,1.7655,2.1248,1.2708
2040,7,9.8133,5.087,14.509,3.6122,3.4376,3.4286,1.2864,3.0334,4.952,1.2765,13.359,2.4667,2.2848,1.3897,3.4042,2.4976,1.4866,3.4303,2.3701,2.3544,5.1175,8.4594
2040,8,4.391,4.8062,7.4858,3.866,5.8567,3.9541,1.9781,5.0415,6.851,1.7103,8.8749,2.5555,2.7214,1.6363,4.8187,4.67,1.8746,4.7813,3.2518,1.9591,5.5076,5.1975
2040,9,1.3021,2.9123,1.481,7.0063,2.7863,3.4655,4.1985,1.0934,2.9698,2.8995,3.1096,5.0534,7.0782,1.9835,7.0459,1.7897,1.7232,3.6544,4.6906,6.6313,3.8236,2.3125
2040,10,1.3645,2.0306,1.2966,9.5007,2.2957,1.0312,1.6813,0.77282,2.2022,1.3031,1.5305,7.8032,14.24,2.0558,7.0706,1.1504,1.5467,2.5426,11.774,9.5344,2.4671,1.5931
2040,11,1.2206,1.4616,1.077,3.8497,1.8636,1.35,1.0825,0.67198,1.85,0.72054,1.2794,5.0639,7.9997,1.9395,3.6549,1.1308,1.4445,2.1941,14.495,6.6342,1.9083,1.244
2040,12,0.95576,0.76821,0.7012,1.9167,1.1299,0.43139,0.72064,0.35319,1.0485,0.44798,0.73098,1.7151,2.3908,0.74983,1.8395,0.6729,1.0217,1.056,3.5337,1.3527,1.0451,0.68953
2041,1,0.79598,0.46337,0.45067,0.82213,0.72116,0.063923,0.33455,0.17266,0.55301,0.19545,0.39849,0.84596,1.0933,0.50665,1.0481,0.33188,0.74853,0.51496,2.4705,0.76055,0.58749,0.34426
2041,2,0.74805,0.52786,0.35367,0.44699,0.64174,0.38934,0.20615,0.13393,0.4342,0.16324,0.30543,0.33324,0.72466,0.2828,0.47278,0.22905,0.63792,0.52871,1.6397,0.59793,0.50407,0.27722
2041,3,0.62772,0.47058,0.28403,0.47218,0.47279,0.43633,0.22741,0.10405,0.34605,0.19627,0.25877,0.18103,0.56044,0.25878,0.30493,0.15718,0.48731,0.452,1.0391,0.56424,0.4254,0.28938
2041,4,0.65433,0.94884,0.4241,0.91894,0.71127,1.2077,0.36276,0.23087,0.71562,0.33367,0.51848,0.28106,0.95357,0.21567,0.37826,0.31133,0.59843,1.3005,1.1492,0.86713,0.947,0.54852
2041,5,1.0255,1.6741,0.70521,1.7387,1.2841,2.0625,0.77033,0.44982,1.3934,0.60486,0.91557,0.96669,1.2646,0.65232,1.045,0.59446,0.90451,2.3108,1.3931,1.4382,1.7212,1.0242
2041,6,1.3849,3.3339,7.6944,3.249,2.4407,3.9429,1.3454,2.4001,4.709,1.253,8.713,1.6359,1.928,0.93062,2.0975,2.174,1.3771,3.5922,2.0062,2.1716,4.1344,6.174
2041,7,4.7404,3.6095,9.3794,6.0674,2.6631,3.9362,2.4468,3.1515,5.2492,2.9478,9.7823,5.2648,2.6018,4.8887,9.2178,2.5829,1.5507,3.57,2.3923,3.0759,4.5975,7.6236
2041,8,8.496,4.1782,7.185,5.7845,7.0242,5.9422,8.1094,6.5907,7.8452,5.5558,8.2683,4.0009,6.2639,2.2381,5.7261,8.6922,2.5562,6.3194,8.6129,2.8202,4.9752,5.6574
2041,9,1.2769,3.0314,4.4456,6.2598,2.9825,3.2623,3.0421,2.5486,4.8459,3.0492,6.211,4.4157,7.6061,2.1773,6.2059,3.1042,2.2292,4.5309,7.469,6.4584,4.4177,4.4924
2041,10,1.3952,2.5683,2.4405,7.9535,2.9492,2.2051,2.1681,2.8267,2.9823,1.7922,2.3353,6.7196,9.2343,4.4858,8.4386,3.3416,2.3757,4.0544,10.758,7.3151,3.4163,2.1535
2041,11,1.3761,1.7518,1.383,3.8049,2.3011,1.1925,1.5269,0.91514,2.3412,1.0508,1.6525,2.5429,6.4728,1.2559,2.5744,1.1152,2.0051,2.3048,3.8297,4.6323,2.2952,1.7996
2041,12,1.1862,1.1337,1.1869,2.1268,1.5973,0.68235,1.0595,0.62056,1.6268,0.65678,1.3322,1.6702,3.095,0.6686,1.8876,0.70893,1.5615,1.1996,3.0618,1.6009,1.4804,1.4407
2042,1,0.89399,0.62297,0.82472,0.93789,1.0303,0.28531,0.55358,0.34585,0.9387,0.33223,0.78153,0.73525,1.5558,0.4656,1.0827,0.38976,1.1697,0.69955,2.632,0.8275,0.85081,0.74896
2042,2,0.73676,0.36209,0.51629,0.36154,0.62732,0.15228,0.23661,0.17998,0.50763,0.16145,0.42912,0.29275,0.5184,0.25706,0.48331,0.1884,0.8082,0.39679,1.5418,0.4986,0.48936,0.36892
2042,3,0.80309,0.79938,0.58527,0.77674,0.79528,1.2578,0.34347,0.28499,0.83109,0.36768,0.63321,0.27691,1.1282,0.35889,0.44236,0.3546,0.79383,1.1637,1.5603,0.70912,0.91892,0.69285
2042,4,0.77615,1.0739,0.61476,1.0123,0.9545,1.1681,0.35876,0.34165,0.93108,0.32001,0.63865,0.3797,1.0276,0.29121,0.50705,0.43497,0.85645,1.7114,1.5827,1.1886,1.1709,0.60786
2042,5,1.0281,1.4205,0.84014,2.4451,1.305,1.2973,0.48368,0.42658,1.144,0.34081,0.72392,1.4321,1.6294,0.81234,1.5597,0.55176,1.1086,2.3758,1.7047,1.8999,1.6104,0.75389
2042,6,5.3502,3.2506,4.3289,6.3847,2.7471,5.7439,2.4142,2.2303,4.7003,2.663,6.443,4.3109,3.2448,2.0422,4.8266,4.6701,2.0189,4.5366,2.9257,2.7523,3.7176,6.0791
2042,7,9.4171,4.3743,11.824,5.6612,5.6444,4.306,4.812,4.2681,7.0827,4.5102,11.826,4.1964,3.2518,1.9808,6.2945,4.5163,2.4018,4.5765,3.2442,2.6462,4.8828,8.035
2042,8,3.5443,3.458,4.2431,6.1548,4.0541,3.9273,6.7476,3.2541,4.6059,4.2572,4.8081,4.0858,3.6369,2.4201,6.8862,4.7186,2.7175,5.0649,7.0458,3.548,4.0346,3.7511
2042,9,1.1723,2.1608,1.2048,7.2532,2.7747,2.2727,2.1888,0.98067,2.6553,1.7049,1.6123,5.2213,7.531,3.4,7.6975,2.0965,2.7249,4.4741,10.606,6.6116,2.8301,1.7014
2042,10,1.4187,2.4358,1.4617,6.9002,2.9654,1.4687,1.2469,2.3513,2.7232,0.80158,1.7797,5.833,8.0149,3.1506,7.3396,2.8459,3.4386,3.9164,9.3721,6.997,2.7167,1.5785
2042,11,1.0854,1.2974,1.0204,3.9415,2.028,1.0602,0.94033,0.8316,1.9173,0.56201,1.171,2.5769,3.6051,1.642,3.0555,1.0636,2.3209,2.3215,4.5724,6.2612,1.6152,0.98168
2042,12,0.90329,0.8748,0.79312,2.4438,1.3682,0.72572,0.65984,0.53229,1.2289,0.44381,0.89864,1.9196,3.5423,0.8165,1.9158,0.64707,1.8205,1.2197,3.4197,1.9828,1.0949,0.80753
2043,1,0.67771,0.51619,0.52759,0.77299,0.85434,0.25889,0.47038,0.27853,0.70575,0.32995,0.54113,0.75965,1.1826,0.40429,0.96226,0.3387,1.2995,0.586,2.2222,0.58508,0.63938,0.45721
2043,2,0.46367,0.31465,0.33256,0.34683,0.50347,0.68168,0.41314,0.14962,0.47349,0.36431,0.37365,0.31847,0.51159,0.278,0.49183,0.19091,0.86321,0.30541,1.2077,0.50727,0.47291,0.42458
2043,3,0.43788,0.50449,0.36549,0.61406,0.50551,0.64644,0.21233,0.16092,0.51485,0.21251,0.41014,0.25087,0.73809,0.35472,0.42803,0.20051,0.68402,0.81321,0.95867,0.62268,0.6276,0.44411
2043,4,0.47513,0.93233,0.43775,1.681,0.79589,1.1624,0.26724,0.2986,0.82971,0.24071,0.54579,0.55935,1.2622,0.40679,0.83201,0.39543,0.79728,1.6973,1.3305,1.3178,1.0997,0.49964
2043,5,0.62393,1.1833,0.53899,1.6701,1.0133,1.2065,0.33866,0.3574,0.96153,0.25212,0.65126,1.2218,1.15,0.81411,1.3741,0.48499,0.86092,1.9539,1.3957,1.2964,1.4573,0.59013
2043,6,0.69389,1.5511,0.73949,2.9694,1.2701,3.6325,1.4461,0.49692,1.5233,1.342,1.157,1.7869,1.9258,0.92777,2.0997,0.78871,1.0697,2.355,1.8152,2.0879,2.0766,1.5388
2043,7,1.2953,2.6706,1.3917,6.1232,1.9537,3.9761,2.3458,0.69286,2.3102,2.0511,4.1155,4.255,3.2127,1.7997,6.2759,1.1231,1.4492,3.538,2.7678,3.2125,3.1481,4.7196
2043,8,9.8023,4.9558,11.25,5.7207,7.8037,6.3619,9.7069,6.5938,9.5555,7.2636,12.686,3.7518,6.1743,1.6803,4.6599,8.5916,2.4263,5.9018,7.2526,2.5073,4.9514,8.573
2043,9,4.4849,3.2843,3.916,8.1703,3.0973,2.6981,2.4157,1.1868,3.496,2.3569,4.5931,5.3669,7.6478,3.5204,8.1551,2.5311,2.5258,4.3561,7.6398,6.7707,3.8559,2.2859
2043,10,1.3421,1.715,1.2105,7.1634,2.1303,0.47348,1.4636,0.61,1.9618,1.0244,1.3451,6.0215,8.5092,2.8059,7.3917,0.90669,2.033,2.2671,5.9872,7.0458,2.0947,1.3504
2043,11,1.0476,0.96962,0.8415,7.5799,1.4085,1.3358,1.2559,0.40787,1.3567,0.66914,0.85305,4.3308,12.273,1.7737,4.172,0.6789,1.6725,1.6519,9.6496,7.8205,1.3001,0.89592
2043,12,0.74419,0.49305,0.51392,2.7257,0.81563,0.21116,0.61861,0.19936,0.72754,0.2992,0.45421,1.7254,2.8007,0.75129,2.0883,0.34875,1.1624,0.83075,3.0971,2.0326,0.71386,0.4573
2044,1,0.59294,0.3248,0.37402,1.0485,0.51564,0.32584,0.46186,0.12006,0.45387,0.28575,0.31887,0.74781,1.1834,0.42589,1.175,0.19956,0.81969,0.40624,1.9825,0.83628,0.46329,0.33847
2044,2,0.5613,0.56498,0.44049,0.33663,0.52905,0.40924,0.24528,0.14034,0.46402,0.19953,0.42711,0.27494,0.48404,0.26295,0.52877,0.1689,0.62187,0.38287,1.1839,0.46282,0.63318,0.49279
2044,3,0.5025,0.47898,0.36659,0.51043,0.42318,0.28992,0.12946,0.10766,0.34873,0.11842,0.32279,0.20748,0.68514,0.26973,0.35998,0.13149,0.49087,0.41927,0.85041,0.55754,0.52101,0.33783
2044,4,0.60043,0.79076,0.45638,1.0445,0.72912,1.0295,0.25413,0.1722,0.54035,0.23592,0.38907,0.31011,1.0721,0.23436,0.36852,0.26423,0.63119,0.95595,1.0826,1.0097,0.83379,0.56377
2044,5,1.094,1.944,1.0248,1.5446,1.4073,1.6377,0.5254,0.43163,1.3286,0.46181,1.0525,0.92042,1.234,0.58951,0.89465,0.53995,0.83921,1.7557,1.2088,1.2658,2.1342,1.1781
2044,6,3.8647,3.1003,5.6108,2.2565,2.4096,3.7966,1.4761,0.85315,2.3806,1.3055,4.2186,1.4706,1.2717,0.97647,1.6912,1.1903,1.4343,3.1661,1.4339,1.618,3.3609,4.9564
2044,7,6.9761,3.187,8.1224,5.8494,2.6353,5.2659,9.2958,1.4561,4.9024,7.1176,8.8808,4.3226,2.5287,1.857,5.3331,2.5804,1.6461,3.4132,2.2505,2.823,3.9963,7.8115
2044,8,8.6354,5.8512,14.345,3.934,9.3757,8.814,8.3661,10.504,14.568,6.1126,17.448,3.8899,5.9659,2.5354,5.733,11.313,2.3417,6.0219,3.7833,2.2958,7.0485,10.86
2044,9,1.4177,3.8742,5.0418,6.382,3.0968,3.1634,2.9715,1.906,4.0106,2.7934,6.2439,4.3787,7.1602,2.425,6.396,2.2795,2.1493,4.3053,4.6503,6.6814,4.8876,4.5217
2044,10,1.4167,2.8339,1.9401,8.8861,2.8995,1.8079,1.7448,1.8433,2.847,1.4713,1.8727,6.5674,11.628,3.6216,8.2943,2.4788,2.1528,3.7027,11.765,8.639,3.3058,1.9706
2044,11,1.1792,1.5813,1.1394,7.1092,2.2313,1.0923,1.046,0.78192,2.0079,0.73414,1.2631,6.7388,12.744,4.0892,7.0097,1.0845,1.7649,2.2886,10.647,9.1336,1.9221,1.2027
2044,12,0.91426,0.82393,0.79779,2.1223,1.3706,0.26289,0.50765,0.41858,1.1065,0.34564,0.69189,2.1594,2.5707,1.1902,2.316,0.62646,1.2845,1.1407,3.3806,1.5814,1.0302,0.63802
2045,1,0.79888,0.69427,0.58645,1.269,1.0344,0.37087,0.30738,0.26614,0.73382,0.23557,0.48423,1.0141,2.8989,0.51978,1.3195,0.38157,1.0806,0.80733,3.5069,1.1861,0.74716,0.43016
2045,2,0.72523,0.64892,0.48003,0.67972,0.84445,0.69477,0.23112,0.19489,0.64827,0.2572,0.41227,0.4616,1.279,0.3785,0.62805,0.2913,0.85202,0.70258,2.5565,0.85202,0.6648,0.50342
2045,3,0.56585,0.47166,0.35187,0.52246,0.56826,0.64991,0.24324,0.12148,0.4603,0.26696,0.2835,0.23267,0.51823,0.33403,0.44179,0.19519,0.5848,0.46233,1.4422,0.56735,0.49182,0.44712
2045,4,0.48747,0.62284,0.35448,0.99711,0.54739,0.68255,0.15788,0.17356,0.55889,0.19403,0.33052,0.42613,0.80063,0.38898,0.57651,0.23371,0.55005,0.83375,1.1342,0.89568,0.66215,0.46854
2045,5,0.96884,2.3667,1.1858,1.1741,1.5633,2.5054,0.72099,0.70637,2.0637,0.65343,1.6208,0.71007,1.2541,0.46961,0.83768,0.87527,0.97141,2.6957,1.4104,1.3017,2.652,1.5903
2045,6,8.2529,4.6097,11.136,3.4578,4.669,4.5223,1.3118,5.0968,7.5766,1.3397,9.017,2.2487,2.3444,2.6034,2.5434,6.1217,1.9411,4.7991,2.4123,2.364,4.2881,7.2949
2045,7,2.1223,2.9755,2.6643,5.9972,2.7859,2.8824,3.893,1.0091,2.7593,2.2976,1.8927,4.963,2.9076,4.4241,8.6825,1.3348,1.9088,3.875,2.82,3.0494,3.0094,3.8092
2045,8,10.67,5.8026,12.567,5.8087,11.314,8.9584,12.869,9.3515,13.171,11.745,16.709,4.1343,6.1363,2.362,5.8351,10.247,5.0763,6.2346,7.2988,2.6816,6.1838,12.899
2045,9,5.0497,5.637,10.447,7.344,6.8202,5.1046,4.6467,5.5615,10.546,5.3738,13.803,5.1716,7.538,4.1969,7.9283,5.421,2.8195,5.749,8.3764,4.6812,6.7529,9.1349
2045,10,1.1253,2.6509,1.2532,3.5396,2.2409,1.1842,1.7843,0.76704,2.342,1.5977,1.5811,2.4856,3.6277,1.2706,3.1196,1.0103,2.1313,2.7928,3.2815,3.5963,3.3993,1.6455
2045,11,1.0597,1.6438,0.98487,6.7157,1.5787,0.94679,1.0583,0.49339,1.6876,0.76252,1.2135,4.178,9.665,0.95609,3.0495,0.6872,1.6868,1.6321,3.537,7.2121,2.1466,1.1946
2045,12,0.86963,1.0817,0.77134,3.1931,1.1833,1.8797,1.1169,0.3809,1.273,0.72261,1.0198,2.4849,3.6272,1.0199,2.512,0.55335,1.494,1.2708,10.495,2.5364,1.6118,1.0835
2046,1,0.59097,0.51982,0.44642,1.1048,0.66564,0.26625,0.50794,0.17348,0.63433,0.28219,0.49953,1.2091,1.2928,0.43214,1.5326,0.25806,0.99694,0.56811,2.9632,0.74913,0.86368,0.46603
2046,2,0.37346,0.27826,0.26302,0.37194,0.36703,0.16097,0.29194,0.081089,0.32578,0.17622,0.26626,0.39252,0.41227,0.23457,0.64882,0.11619,0.6471,0.27309,1.5353,0.45637,0.49496,0.24245
2046,3,0.34501,0.26579,0.27756,0.55241,0.30295,0.38732,0.20766,0.0828,0.28758,0.17747,0.22619,0.20599,0.53162,0.2533,0.41173,0.11352,0.48299,0.36147,0.96843,0.54137,0.42166,0.27497
2046,4,0.34682,0.53154,0.38677,0.87141,0.44603,0.80472,0.32348,0.16288,0.47042,0.27832,0.34827,0.33194,0.68086,0.26975,0.47221,0.21248,0.50249,0.79454,0.87955,0.75227,0.63982,0.40469
2046,5,0.83828,2.9762,5.022,2.0763,1.8385,2.2385,0.60543,0.94394,2.4138,0.58945,5.8625,1.7203,1.3228,1.3868,1.8127,0.86775,0.80142,2.5084,1.2356,1.6324,3.5094,1.9472
2046,6,1.2066,3.8367,8.9605,2.8405,2.5567,4.5861,1.7018,3.5876,6.1427,1.8638,10.32,2.3404,1.6141,1.6047,4.1401,2.2982,1.0101,2.929,1.5221,1.935,4.6159,7.1006
2046,7,7.4811,5.0105,14.186,3.4767,5.7213,3.5607,2.0545,4.806,8.1482,2.3313,13.646,4.1358,2.2415,1.9823,6.7002,3.6253,1.286,3.4765,2.126,2.0801,5.7412,9.0568
2046,8,9.8444,6.0365,10.426,3.9155,11.251,5.5659,4.227,7.2297,10.75,3.5666,11.783,3.9867,3.0803,2.0592,4.9947,9.5807,2.5185,6.7908,10.319,2.0612,6.6372,7.0431
2046,9,3.4557,4.6508,5.3001,6.8693,3.5493,2.639,2.0832,2.0814,4.5016,1.9482,6.4341,4.5969,7.492,2.5895,6.579,2.8952,2.6786,5.0147,8.6407,4.5933,5.5244,2.3114
2046,10,1.037,2.3335,1.1626,3.9287,2.049,1.648,1.9075,0.79404,2.2803,1.4452,1.6823,5.8561,6.6776,3.5324,6.469,1.119,2.0814,2.7178,3.767,4.6832,2.9586,1.6295
2046,11,0.67089,1.0751,0.6675,3.1382,1.1998,0.61483,1.212,0.39941,1.2273,0.72435,0.95809,2.3594,3.6104,1.1126,2.3248,0.59433,1.4382,1.246,2.7693,3.404,1.5208,0.84114
2046,12,0.50911,0.59319,0.45355,1.8772,0.76311,0.12553,0.60892,0.2111,0.70671,0.33171,0.57802,1.8769,3.0957,0.72801,1.7876,0.31862,1.0144,0.6366,2.1397,1.6691,0.85983,0.46983
2047,1,0.55609,0.60976,0.39097,1.0949,0.68998,0.21446,0.31683,0.15407,0.50732,0.19232,0.42658,0.97539,3.6269,0.45289,1.0431,0.22305,0.90053,0.55392,2.8256,1.1489,0.67276,0.31345
2047,2,0.51617,0.57314,0.35391,0.48052,0.5886,0.42132,0.23312,0.13037,0.45486,0.18233,0.37717,0.35499,1.1153,0.24561,0.47413,0.17593,0.70111,0.4939,1.7991,0.58531,0.60412,0.35054
2047,3,0.4777,0.53153,0.37884,0.49732,0.48206,0.82474,0.31915,0.14737,0.50432,0.30904,0.41509,0.20301,0.63459,0.22977,0.30403,0.19963,0.53738,0.4805,1.1385,0.55899,0.63092,0.50378
2047,4,0.63339,1.0183,0.58308,1.1426,0.80623,1.1421,0.4121,0.2765,0.79958,0.35608,0.6138,0.4171,1.0661,0.30304,0.46633,0.36315,0.68812,1.2639,1.3275,0.98001,1.1131,0.61213
2047,5,0.67648,1.3565,0.71622,1.1815,1.0358,1.1882,0.31994,0.4086,1.0968,0.31411,0.92541,0.83604,0.90965,0.52777,0.93255,0.49071,0.73343,1.9215,1.1079,0.98313,1.635,0.82004
2047,6,12.588,4.5521,11.77,3.5012,3.1826,2.5601,1.0244,0.92999,2.2822,1.0452,7.9343,2.0951,2.097,1.6782,2.3825,1.1596,1.7368,3.4583,1.9517,2.3807,3.9724,4.4059
2047,7,9.8034,4.5015,9.6937,6.1001,5.4004,3.4339,2.4175,2.0113,2.8847,2.3083,7.8526,4.2775,2.8081,2.3237,7.3468,2.3923,2.1454,4.0648,2.8793,3.3766,4.2797,5.2939
2047,8,6.3738,4.0762,4.4342,5.7745,5.9378,3.3292,4.8545,3.5551,4.1645,2.3127,4.4799,3.956,3.6402,2.5073,5.5873,4.5006,2.7902,5.3533,8.0007,2.8274,3.9343,2.2604
2047,9,7.9251,4.4779,6.9174,7.1116,6.7716,2.4792,2.4032,2.1252,4.3039,2.1191,6.1629,4.7614,7.4341,2.7829,6.9357,3.379,5.4383,4.7071,9.0976,6.5772,4.1955,2.2625
2047,10,1.2259,2.36,1.2328,7.4653,2.5738,1.0499,1.8372,0.8413,2.2264,1.3035,1.4604,5.8565,8.3222,2.2941,5.8317,1.1675,2.5264,3.0262,6.812,7.681,2.4256,1.3761
2047,11,0.84873,1.1122,0.72404,3.1961,1.524,0.20255,0.87957,0.40017,1.1452,0.56757,0.72972,2.5472,3.6182,1.1574,2.3553,0.59718,1.8919,1.3935,3.2246,3.0639,1.2493,0.60766
2047,12,0.62807,0.60539,0.47031,1.5479,0.92844,0.097547,0.52169,0.20035,0.63249,0.29601,0.42975,1.6138,2.0984,0.59929,1.6309,0.30198,1.3688,0.69375,2.4557,1.2696,0.71003,0.33516
2048,1,0.42378,0.31185,0.28539,0.5873,0.51506,0.025001,0.26821,0.096425,0.31936,0.13739,0.22281,0.77704,0.78837,0.4418,0.872,0.14211,0.91286,0.33187,1.4464,0.58581,0.37992,0.16062
2048,2,0.39865,0.43112,0.26173,0.36705,0.4529,0.65307,0.36009,0.11087,0.3712,0.31836,0.27066,0.30945,0.54329,0.23942,0.40153,0.15241,0.70178,0.41084,0.9944,0.52639,0.49459,0.30002
2048,3,0.58136,0.80223,0.449,0.49124,0.53947,0.73089,0.32331,0.16061,0.50617,0.34088,0.46263,0.20664,0.78346,0.26293,0.34736,0.1896,0.57699,0.54845,0.84759,0.54036,0.89787,0.60869
2048,4,0.80894,1.5918,0.80353,1.3993,1.1323,1.8939,0.38144,0.44253,1.1612,0.46415,0.91632,0.49142,1.3107,0.33736,0.58692,0.56827,0.86704,2.0085,1.4018,1.1739,1.739,1.0102
2048,5,7.4353,2.8978,3.8958,1.6552,2.2738,1.9771,0.90332,0.69998,1.7377,0.63836,1.655,1.012,1.3421,0.6333,1.1052,0.82782,1.3326,2.9652,1.5721,1.408,2.8161,1.2062
2048,6,4.3548,2.9469,4.3746,3.4684,2.6606,3.4512,1.5234,0.81259,2.0752,1.221,3.8127,2.0454,2.114,1.521,2.3718,1.1045,1.6131,3.2454,2.0454,2.2736,3.0565,1.6357
2048,7,2.3551,2.9496,5.3615,5.9137,2.7083,5.5781,9.0458,2.1205,3.9717,7.6068,7.6615,4.9691,2.8264,3.8683,8.43,3.2808,1.6604,3.4561,2.5092,3.1542,3.6109,7.4057
2048,8,5.9422,3.5167,5.0219,3.9185,5.3362,4.6285,8.4983,4.1033,4.7684,5.2862,5.7263,2.5657,3.4576,2.7802,6.0778,5.514,2.3842,5.127,6.6148,2.1678,3.8297,3.8405
2048,9,5.5926,3.2756,4.2035,6.803,4.1149,2.216,2.3435,1.5265,2.909,2.035,3.9537,5.2127,7.29,3.5283,7.8867,2.16,2.6797,4.4758,9.2199,6.5167,3.4773,2.2379
2048,10,2.7794,2.3605,1.4598,6.9777,2.8033,0.93584,1.6664,0.9138,2.1736,1.0377,1.6571,6.4169,9.6907,3.202,6.4632,1.165,2.5025,3.1927,9.6746,4.6742,2.4722,1.5863
2048,11,1.0893,1.1606,1.059,3.153,1.7603,0.15761,0.98673,0.49628,1.1598,0.55535,0.94502,2.5427,5.9468,1.1564,2.4071,0.62843,1.8135,1.5056,3.5711,3.0032,1.4188,0.76696
2048,12,0.84971,0.65128,0.72356,2.1165,1.1126,0.13639,0.48204,0.26001,0.65599,0.25118,0.55404,1.9161,3.2583,0.71207,1.8244,0.33955,1.3483,0.79187,3.0335,1.4946,0.82866,0.42826
2049,1,0.57289,0.34772,0.45008,0.91619,0.67509,0.02684,0.21766,0.12662,0.34151,0.11933,0.30082,0.94751,1.1988,0.44407,1.0572,0.1646,0.93531,0.42489,1.896,0.81157,0.44098,0.20411
2049,2,0.59878,0.64856,0.43391,0.35622,0.65195,0.42327,0.1316,0.14094,0.46264,0.15632,0.38913,0.36735,0.46678,0.27806,0.49082,0.1663,0.72858,0.48551,1.1889,0.45663,0.6732,0.42572
2049,3,0.51167,0.60901,0.34425,0.53704,0.54599,0.38656,0.096896,0.12204,0.41648,0.13935,0.38412,0.20905,0.59006,0.26523,0.38349,0.15438,0.57057,0.61152,0.89574,0.55896,0.57976,0.33493
2049,4,0.60751,1.0351,0.55423,1.1539,0.81483,1.3694,0.50224,0.26653,0.82545,0.43349,0.59654,0.39515,1.0403,0.30026,0.51597,0.36964,0.68494,1.3453,1.1814,1.0405,1.0059,0.62858
2049,5,0.929,1.762,1.0161,1.4775,1.2786,1.3434,0.48143,0.43059,1.3776,0.41164,1.1548,0.95715,1.2621,0.63396,1.0712,0.52478,0.81932,1.8266,1.262,1.2789,1.9147,1.0587
2049,6,7.2951,3.7105,10.656,2.9536,2.4699,4.1781,1.1027,0.98906,4.3463,1.3098,10.254,1.7708,1.9605,1.005,2.1224,1.239,1.3946,2.9958,1.927,2.055,4.1735,8.2783
2049,7,1.8661,2.8021,3.699,3.9336,2.2933,3.7438,2.027,1.2747,3.5464,2.053,5.1486,4.4518,2.7185,2.6779,7.4573,2.2344,1.6098,3.363,2.3992,2.6288,3.6731,4.2657
2049,8,3.7908,3.0703,3.8457,5.9899,2.8966,4.3562,4.5024,4.3921,5.818,2.7058,5.5986,4.1389,6.1991,3.2205,6.5796,5.9764,2.2744,5.3606,6.4327,2.9661,3.8345,2.3166
2049,9,10.64,4.3495,8.325,7.4286,8.3952,2.8054,2.2948,3.7406,5.6584,1.9659,8.113,4.9514,8.042,3.1917,7.2936,5.2183,6.3191,5.8996,12.609,6.6461,4.6477,4.146
2049,10,2.7738,2.9129,1.4864,7.3185,3.0648,1.4979,1.682,1.0191,2.6524,1.1946,1.8158,6.1153,8.5637,3.4245,7.6728,1.338,2.7788,4.0804,8.9936,7.1045,3.2076,1.7799
2049,11,1.2649,1.7263,1.1657,7.6386,2.2854,1.1788,1.2796,0.75597,1.925,0.76186,1.3327,3.918,14.559,1.5393,2.5777,1.0146,2.4305,2.5744,13.913,7.3828,1.9654,1.2665
2049,12,1.0275,0.96738,0.81452,2.7544,1.4516,0.21352,0.5994,0.39226,1.0583,0.33333,0.78246,1.5513,2.9691,0.67106,1.7412,0.54388,1.8591,1.2548,3.2852,2.0261,1.1188,0.67041
2050,1,0.77597,0.54103,0.50528,0.8517,0.85432,0.066391,0.28424,0.18334,0.55492,0.15306,0.41837,0.6004,0.96707,0.3612,0.86012,0.25411,1.298,0.58499,2.0606,0.66166,0.62716,0.32459
2050,2,0.53398,0.34606,0.33266,0.28495,0.50271,0.58264,0.42785,0.093341,0.34873,0.38805,0.26925,0.22562,0.32344,0.24162,0.37641,0.13492,0.85253,0.30568,1.1038,0.40201,0.42887,0.30238
2050,3,0.47218,0.43636,0.32323,0.43076,0.46313,0.59908,0.21697,0.13886,0.45486,0.2359,0.31729,0.16677,0.49924,0.23928,0.28264,0.17557,0.68156,0.62437,0.91589,0.47856,0.55403,0.39752
2050,4,0.49512,0.67697,0.38939,1.3689,0.59843,0.87921,0.279,0.1813,0.57726,0.27959,0.38004,0.57822,1.0192,0.4475,0.64701,0.24297,0.6373,1.0893,1.0524,1.2038,0.82433,0.45705
2050,5,0.78268,1.6759,0.89729,1.4108,1.3244,1.9128,0.48712,0.54384,1.5552,0.45677,1.1335,1.0736,1.1605,0.6577,1.2026,0.66336,0.93155,2.5372,1.4233,1.1559,2.1749,1.2529
2050,6,9.0573,3.8016,9.326,3.3808,3.122,3.5559,1.1281,1.6156,2.9481,1.1692,7.9524,1.87,1.8609,1.2907,2.2877,3.1175,1.8006,3.8964,2.2008,2.6274,3.9609,5.7093
2050,7,3.2048,3.1399,6.1874,3.8223,2.9348,3.6195,2.0537,2.0326,4.1756,2.1172,7.578,2.4185,2.646,1.063,3.7094,2.0008,1.6622,3.2282,2.4948,2.3221,3.9816,6.6152
2050,8,6.3051,4.1898,6.8435,3.7243,6.7405,4.7974,5.1058,5.9637,7.7127,3.6376,8.6396,2.2719,5.9847,0.81542,2.5627,6.8898,2.3495,5.2828,6.3092,1.8273,4.7155,6.0578
2050,9,2.6484,3.9759,8.0185,7.0852,4.9337,3.9829,2.4308,5.2424,9.4141,2.8696,12.121,4.8936,7.3902,3.0005,7.2732,5.0374,2.439,4.7062,7.5557,6.6332,5.4268,9.8258
2050,10,1.2168,2.2404,1.3653,11.724,2.552,1.6397,1.8876,0.9887,2.6993,1.6542,1.7719,8.4661,13.444,5.704,8.6666,1.2747,2.2109,3.1801,11.501,9.7299,3.1756,1.9294
2050,11,0.96387,1.2797,0.9651,3.9254,1.6763,0.53418,1.0632,0.61871,1.7015,0.69281,1.1387,2.5675,7.6212,1.6402,2.5566,0.88773,1.756,1.8696,7.779,4.6943,1.8058,1.087
2050,12,0.64419,0.67452,0.6734,2.1386,1.0073,0.3287,0.6325,0.31652,0.95641,0.40161,0.67882,1.8354,1.4776,0.60897,1.8474,0.46063,1.2219,0.93574,3.138,1.0087,1.0047,0.66676
