2011,1,0.72534,0.4908,0.36303,0.86779,0.75399,0.041915,0.52453,0.1694,0.55297,0.26789,0.3509,0.61025,1.6137,0.47285,0.96402,0.22695,1.111,0.59876,2.18,0.85142,0.57261,0.33917
2011,2,0.59287,0.53976,0.35751,0.36146,0.65151,0.4585,0.37257,0.15758,0.53527,0.3269,0.386,0.21665,0.65683,0.22845,0.45198,0.21017,0.88175,0.62778,1.4733,0.40801,0.60935,0.43331
2011,3,0.58614,0.71433,0.40509,0.36115,0.6791,1.1869,0.3786,0.20203,0.72119,0.34966,0.52178,0.14243,0.45536,0.18013,0.22204,0.30243,0.74038,0.90223,1.121,0.40907,0.83251,0.64192
2011,4,0.4569,0.51468,0.28244,0.61312,0.45177,0.73849,0.31396,0.13103,0.56068,0.25637,0.3541,0.31009,0.70761,0.27709,0.33982,0.20735,0.5376,0.73227,0.84056,0.61771,0.68674,0.41818
2011,5,1.109,2.1207,1.0964,1.433,1.3377,3.394,1.2067,0.4929,1.7044,0.97218,1.5341,0.96555,1.386,0.59652,0.98384,0.68661,0.92813,2.1046,1.4347,1.557,2.2585,1.7335
2011,6,1.3727,2.5776,2.1229,3.3114,1.807,4.8579,2.484,0.87424,2.854,2.3418,5.7888,1.8093,2.0588,1.18,1.9528,1.2315,1.2983,3.296,2.0772,2.2832,3.1427,5.1222
2011,7,9.1094,4.0517,8.5519,3.7637,2.965,5.0112,6.7434,4.0631,6.9498,5.5068,10.122,2.4986,2.4932,1.2882,3.5619,4.5169,1.7816,3.9764,2.715,2.1738,4.3149,7.3
2011,8,8.2694,4.3003,7.111,5.5193,4.6646,3.9856,5.8683,3.9591,5.7035,5.6952,8.623,2.5544,2.4172,1.1658,2.612,4.1233,1.8332,3.8223,2.6593,2.2597,4.2402,6.584
2011,9,1.395,2.7378,1.4662,5.8185,2.8777,3.6099,3.8089,1.3432,3.4979,2.6184,3.2468,4.1739,3.6094,2.1719,6.2548,1.9281,1.5506,3.1226,2.6379,4.076,3.2672,3.6856
2011,10,1.1815,1.6783,1.2657,3.8008,2.1284,1.6544,2.4401,0.75387,2.2655,2.1804,1.617,2.5633,6.7345,1.6804,4.8411,0.97032,1.0918,1.8827,2.1995,4.6582,2.1605,1.9763
2011,11,0.94926,0.91467,0.86164,1.7836,1.3234,0.85851,1.7142,0.4071,1.4157,1.1745,1.0371,1.5452,2.4827,0.57703,1.8753,0.56944,0.82796,0.97521,2.4028,1.2905,1.2526,1.2267
2011,12,0.81165,0.64343,0.60111,2.2584,0.93874,0.14769,0.88466,0.22095,0.79965,0.51229,0.61648,1.5329,7.3399,0.69217,1.5604,0.31699,0.82038,0.74392,7.4813,2.4225,0.76803,0.67472
2012,1,0.73255,0.63309,0.53937,0.7185,0.75323,0.52742,0.55811,0.17175,0.6354,0.38155,0.5451,0.57302,1.4953,0.27052,0.73992,0.23327,0.66393,0.54639,3.3382,0.54483,0.70487,0.56858
2012,2,0.58175,0.48359,0.4206,0.28229,0.52314,0.53633,0.41284,0.12472,0.5108,0.36684,0.45532,0.21005,0.49511,0.17778,0.32691,0.15386,0.46822,0.34331,2.0296,0.37096,0.60268,0.47361
2012,3,0.48033,0.44949,0.34379,0.23072,0.44514,0.38846,0.20574,0.14088,0.39395,0.1772,0.31657,0.13914,0.36056,0.15413,0.17853,0.14816,0.4023,0.521,1.2598,0.32432,0.52228,0.3018
2012,4,0.64676,0.97231,0.59785,0.34132,0.62513,1.2242,0.3548,0.22404,0.80845,0.35439,0.69397,0.31935,0.40473,0.25133,0.31331,0.25235,0.44106,0.79162,0.97728,0.41118,1.1346,0.68295
2012,5,0.86427,1.9007,1.1908,1.3038,1.1616,1.4281,0.5617,0.39058,1.1813,0.48735,1.2082,0.9422,1.0526,0.49284,1.0629,0.47126,0.56986,1.4028,1.0295,1.2771,1.9612,1.241
2012,6,1.3505,2.4547,3.104,2.7193,1.6493,2.0216,0.92836,0.54826,1.5788,0.72924,1.6849,2.0286,2.1086,1.5099,2.2311,0.66933,1.0736,2.3432,1.8653,1.9514,2.5238,1.5913
2012,7,3.2915,2.7703,3.981,7.4514,2.1271,2.7053,1.5105,0.75119,2.0295,1.2174,3.4762,7.388,3.6303,7.0159,12.285,1.0357,1.4053,3.1083,3.0984,4.3354,2.9139,2.1985
2012,8,4.7136,2.9173,3.0808,6.1482,2.6944,3.073,1.8322,1.0355,2.486,1.2285,3.0456,4.1156,6.0259,3.9993,7.6059,3.239,1.9706,4.4617,6.4456,4.2108,3.0647,2.3103
2012,9,5.9471,3.3265,5.1458,7.5102,3.151,3.145,2.2119,2.5294,4.0149,1.6583,5.6664,5.2228,7.2715,3.3467,8.1879,2.1474,2.021,3.7281,5.9567,4.6765,3.5763,4.093
2012,10,1.156,1.579,1.144,5.8414,2.0549,2.1937,2.4433,0.76331,2.1411,1.5862,1.4447,2.5719,7.0324,1.7282,4.364,1.0146,1.5095,2.1082,3.7588,4.671,2.1753,1.5554
2012,11,0.86632,0.88781,0.76973,2.9172,1.3197,0.83543,1.7314,0.4454,1.2899,0.85973,0.85323,2.214,3.6139,0.87946,2.2593,0.64354,1.1486,1.3248,3.7308,2.3315,1.2705,0.94355
2012,12,0.71401,0.65332,0.56593,1.2207,0.90503,0.25747,1.0085,0.24652,0.78502,0.489,0.57283,1.3398,1.9558,0.73971,1.5598,0.35482,0.91147,0.74343,3.1527,0.92099,0.83108,0.60602
2013,1,0.51794,0.36392,0.36574,0.53617,0.55446,0.048166,0.49761,0.12327,0.43926,0.24961,0.32209,0.64178,0.81906,0.4055,0.81684,0.17785,0.64556,0.36053,2.0437,0.51631,0.45131,0.32606
2013,2,0.39187,0.28549,0.25652,0.2351,0.35348,0.10357,0.25608,0.067118,0.26024,0.16434,0.21824,0.22471,0.3723,0.21691,0.3596,0.098609,0.46598,0.22465,1.1575,0.35234,0.28211,0.19397
2013,3,0.34943,0.38097,0.3016,0.20647,0.34565,0.86929,0.37109,0.12321,0.44585,0.37097,0.3484,0.12979,0.33822,0.19269,0.1916,0.17116,0.36859,0.40027,0.76309,0.34074,0.47233,0.43774
2013,4,0.50535,1.0484,0.63873,0.49583,0.58094,0.51141,0.21314,0.19751,0.58208,0.21709,0.60736,0.28799,0.61805,0.22737,0.3009,0.2218,0.3984,0.76996,0.68017,0.58414,1.1794,0.58211
2013,5,1.3857,2.3832,1.257,1.467,1.6152,2.5871,0.77751,0.51857,1.3663,0.69868,1.2981,0.92575,1.6639,0.49825,0.99894,0.72748,1.1564,2.7425,1.8175,1.3587,2.2729,1.514
2013,6,3.3687,2.3987,1.4201,2.7056,1.8381,1.7809,0.88479,0.59374,1.5086,0.68535,1.4097,2.0958,2.0074,1.703,2.2716,0.87261,1.5911,3.3808,2.5511,1.9182,2.3932,1.561
2013,7,6.3883,2.902,3.4059,3.8644,2.5572,5.5457,4.261,2.2941,2.7628,2.1766,4.8723,4.362,2.4832,2.34,5.8687,4.9426,2.3461,4.8093,3.4995,2.3966,3.2658,4.7476
2013,8,16.353,5.9688,14.349,5.7914,11.447,8.6548,10.571,9.1359,12.833,8.2725,15.735,2.5593,3.3472,2.3711,5.6908,11.973,8.9092,7.1775,9.0058,2.9836,6.2149,11.001
2013,9,10.029,5.2517,6.1953,7.7235,7.8171,2.5458,2.1712,3.0609,3.8285,2.1864,5.7551,5.2173,8.2887,3.2658,7.4929,4.4431,5.9226,5.9121,12.351,6.9735,4.8783,3.729
2013,10,1.3463,2.6685,1.3018,6.055,2.6152,1.3063,1.8399,0.7562,2.0419,1.606,1.5474,5.2956,7.3677,1.9697,5.1131,1.0574,2.3517,2.9389,4.514,4.622,2.7553,1.7979
2013,11,1.2129,1.8123,1.1717,2.9518,2.1327,2.3047,2.0049,0.59072,1.5804,1.4781,1.4119,2.2145,3.634,0.97612,2.2222,0.91401,2.1425,2.0655,7.6207,2.185,2.0163,1.8416
2013,12,1.2457,1.4644,1.1296,1.6908,1.7003,0.90737,1.4091,0.38762,1.1872,0.91607,1.2768,1.3359,3.6395,0.56222,1.5281,0.60583,1.7896,1.3329,6.5398,1.5412,1.6333,1.5242
2014,1,0.99988,0.74078,0.7274,0.94513,0.9771,0.12674,0.63674,0.18338,0.61108,0.36774,0.67453,0.66461,2.5107,0.37107,0.8419,0.291,1.2439,0.64115,2.9891,1.0221,0.97143,0.73228
2014,2,0.91908,0.86946,0.69005,0.32793,0.79649,0.21478,0.32785,0.16482,0.5217,0.25829,0.6418,0.23733,0.71096,0.20829,0.37118,0.20138,0.91661,0.49336,1.8257,0.39416,0.98403,0.63501
2014,3,0.75174,0.76313,0.57002,0.22559,0.66226,0.56488,0.24739,0.16041,0.50623,0.23666,0.50029,0.15435,0.35924,0.18896,0.20473,0.21345,0.70175,0.61745,1.1656,0.35309,0.85285,0.50008
2014,4,0.66724,0.8343,0.53499,0.54973,0.6463,0.62281,0.21459,0.19007,0.54626,0.20378,0.49723,0.27334,0.58477,0.20688,0.28001,0.23221,0.6181,0.9359,0.9359,0.63676,0.95316,0.49872
2014,5,0.7246,1.5337,0.8012,1.5943,1.0291,2.1765,0.80674,0.37083,1.1826,0.64532,1.1409,0.86151,1.2019,0.62941,0.8056,0.49622,0.74097,1.7487,1.1443,1.3176,1.67,1.2296
2014,6,10.529,4.8941,13.981,3.0109,3.148,2.5955,1.1388,3.9905,4.7602,0.95779,11.209,1.9663,2.3926,1.6377,1.9142,2.3011,1.6902,4.6077,2.3359,2.0095,4.4779,6.6451
2014,7,9.3462,4.7671,7.4825,3.9388,7.1855,3.0826,1.9311,3.6042,4.9177,1.73,6.4322,4.1604,2.7603,1.8982,4.7288,4.8188,2.4141,5.34,3.2903,2.3828,4.2282,2.2981
2014,8,3.5279,3.2408,1.4898,5.7994,3.073,5.4742,8.2069,1.6911,4.1299,4.9036,3.5632,3.9454,3.3311,1.4827,4.6571,3.3552,2.4027,4.2917,3.5564,3.0317,3.3861,2.3184
2014,9,1.2022,1.8263,0.98349,6.5968,2.2048,2.0832,2.1737,0.75761,2.2743,1.82,1.3739,4.9178,6.8964,2.0179,7.0113,1.1137,2.0547,2.7191,3.7435,6.6862,2.0788,1.5254
2014,10,1.1292,1.2724,0.76082,6.2264,1.6358,1.1633,1.7021,0.5333,1.6099,1.1772,0.96679,5.3174,8.1143,1.9707,6.2003,0.85993,1.7093,2.005,5.1094,6.6667,1.5021,1.1058
2014,11,0.97362,0.86351,0.58046,2.6147,1.1015,0.77962,1.0634,0.32685,1.0271,0.68121,0.66679,2.1723,3.6297,0.96661,2.3267,0.55258,1.3468,1.2593,3.7444,1.9567,1.0006,0.82178
2014,12,0.87632,0.74739,0.50272,1.1824,0.86862,1.0885,0.9784,0.26859,0.89281,0.63596,0.66477,1.3028,2.5098,0.65844,1.6549,0.41362,1.0995,0.91912,3.3501,1.0464,0.91247,0.78384
2015,1,0.6692,0.46276,0.36609,0.50569,0.55871,0.25584,0.48028,0.14862,0.52358,0.28631,0.41964,0.56974,0.87829,0.32426,0.8213,0.21716,0.77638,0.4534,2.1069,0.56222,0.56234,0.45432
2015,2,0.47033,0.2865,0.24717,0.23304,0.35229,0.12044,0.2313,0.084653,0.29548,0.164,0.24651,0.21192,0.40661,0.20258,0.35738,0.11071,0.54428,0.26697,1.178,0.36946,0.34236,0.24143
2015,3,0.39603,0.29289,0.21035,0.22542,0.31542,0.47306,0.21305,0.093398,0.30109,0.17676,0.20995,0.12927,0.30216,0.18644,0.18615,0.13819,0.43145,0.43683,0.8277,0.34059,0.33594,0.24137
2015,4,0.30798,0.3068,0.19743,0.46931,0.27693,0.48936,0.21418,0.089577,0.30987,0.18292,0.22845,0.28163,0.50151,0.24674,0.28025,0.1316,0.3207,0.4686,0.50684,0.58237,0.40315,0.25777
2015,5,0.46074,0.97223,0.54007,1.4301,0.66468,2.3262,1.1385,0.29032,0.95351,0.90701,0.78979,0.95302,1.0455,0.53144,0.96802,0.41748,0.48173,1.2861,0.81272,1.2649,1.1795,1.0869
2015,6,1.1334,2.6342,1.4298,2.4412,2.0375,3.3704,1.6973,0.84976,2.3673,1.2934,2.8478,1.4714,2.0656,0.74048,1.5953,1.1598,1.3816,3.8934,2.2592,1.7706,2.9026,2.2406
2015,7,12.591,4.9166,12.727,3.3572,7.9609,5.789,7.5129,6.2628,8.601,5.5549,12.938,4.1598,2.7041,1.3817,3.4762,6.8427,2.1755,5.0612,3.013,2.3546,5.0248,9.9306
2015,8,10.246,5.0435,9.3069,6.1415,7.6811,5.5782,8.6833,4.3128,6.5158,6.2457,8.317,4.284,5.9117,3.5052,6.9153,6.1982,2.7907,5.6724,4.3248,3.9376,5.0732,6.7915
2015,9,3.8349,3.7019,3.5341,9.1085,3.3789,2.8174,2.4572,1.1175,2.9435,2.6562,4.387,5.1957,8.0209,3.1261,7.9142,1.7133,2.5702,3.7864,4.5882,6.9401,3.9071,3.9966
2015,10,1.3885,2.1926,1.3686,6.0556,2.4363,1.8243,2.2737,0.75522,2.2351,2.011,1.6514,6.0475,8.6616,4.5604,7.3097,1.0615,2.1356,2.3083,4.9812,6.8379,2.4752,1.8952
2015,11,1.2174,1.2412,1.0033,2.3953,1.7019,0.70118,1.4664,0.43272,1.3452,0.98827,1.0296,1.841,3.5982,0.86957,2.0561,0.66839,1.8205,1.4476,5.5138,1.7599,1.4258,1.1017
2015,12,0.88352,0.60148,0.60495,1.3773,0.97158,0.091996,0.70669,0.20814,0.70659,0.41707,0.52057,1.0586,2.4668,0.61907,1.3916,0.33156,1.2809,0.69038,3.2081,1.1135,0.74963,0.52207
2016,1,0.65177,0.41238,0.42563,0.6002,0.62952,0.15573,0.38845,0.11975,0.43234,0.25126,0.33769,0.46935,1.0724,0.32142,0.70526,0.18772,0.91532,0.37379,2.2111,0.58215,0.49542,0.34149
2016,2,0.47676,0.25797,0.2969,0.23606,0.39302,0.093124,0.21323,0.063772,0.25434,0.16571,0.21116,0.19714,0.3469,0.22178,0.33118,0.091679,0.65514,0.19471,1.2459,0.3217,0.32878,0.23772
2016,3,0.41595,0.34468,0.26406,0.2536,0.40708,0.53347,0.20078,0.11317,0.34273,0.16817,0.21445,0.17116,0.37244,0.24306,0.24492,0.16566,0.55682,0.54295,0.99919,0.36469,0.39885,0.26083
2016,4,0.41341,0.45586,0.25297,0.81548,0.38529,0.52393,0.22763,0.11195,0.4281,0.18458,0.30395,0.39865,0.92171,0.24335,0.44523,0.16566,0.4623,0.5973,0.97082,0.9265,0.51744,0.27783
2016,5,0.86083,1.5347,0.67478,1.1291,1.0083,1.2785,0.48456,0.26423,0.78844,0.43182,0.77146,0.71764,1.2489,0.38007,0.71664,0.34384,0.77476,1.4418,1.1847,0.99439,1.258,0.85599
2016,6,5.2179,2.8431,2.5865,3.3111,1.8984,2.7723,1.1381,0.69922,1.8643,1.0565,1.8776,2.0768,2.73,1.9331,2.1865,0.86436,1.5683,3.305,2.402,2.1985,2.4682,2.0933
2016,7,2.713,2.3783,1.3857,3.8961,1.9199,2.7362,1.8557,0.71348,1.8794,1.4535,1.8071,4.5492,2.8204,3.4644,6.9759,1.0456,1.8203,3.2209,2.8312,2.4482,2.3002,1.9408
2016,8,3.4092,2.3475,1.3829,5.9898,2.4586,3.2899,2.2147,0.87537,2.0775,1.4308,1.7455,2.562,3.394,2.6152,5.7567,2.8437,2.3317,4.3346,3.5234,2.9304,2.4422,1.9461
2016,9,7.8225,3.8877,8.108,8.9444,5.8155,4.1887,3.4514,4.2878,4.6239,2.3526,8.7552,5.9156,7.764,4.7092,8.8235,5.1635,2.6252,4.5652,7.3094,6.9349,3.9365,8.4667
2016,10,1.3199,2.1354,1.2795,6.7109,2.4497,1.9588,2.4728,0.85513,2.1796,2.0082,1.6078,5.6243,7.7778,3.4515,7.4256,1.1715,2.1504,2.7579,5.4941,4.6496,2.3202,1.7774
2016,11,0.96006,0.99218,0.79729,2.2384,1.4527,0.51902,1.6093,0.46876,1.1682,0.99288,0.87731,2.1821,2.3887,1.0351,2.3007,0.63893,1.5082,1.2982,3.0101,1.565,1.1863,0.92734
2016,12,0.76543,0.74284,0.55291,1.7743,1.1043,0.59271,1.1039,0.32547,0.8603,0.60377,0.61229,1.4068,2.9679,0.62483,1.5745,0.42975,1.3889,1.2047,6.4808,1.3931,0.84746,0.62939
2017,1,0.57808,0.46356,0.41746,0.64128,0.70585,0.18261,0.55878,0.17718,0.52602,0.31032,0.40078,0.56725,1.0741,0.33087,0.78974,0.23482,0.97728,0.59256,2.8803,0.47883,0.51662,0.43727
2017,2,0.4461,0.33654,0.32749,0.2027,0.5055,0.28321,0.40617,0.1022,0.37916,0.31768,0.29947,0.19203,0.35489,0.21163,0.346,0.1338,0.70223,0.31962,1.6796,0.25769,0.38499,0.35564
2017,3,0.54973,0.61304,0.39922,0.25234,0.54579,0.65728,0.27084,0.1342,0.49185,0.25427,0.4173,0.15141,0.47114,0.20379,0.20515,0.17085,0.57523,0.4349,1.1428,0.384,0.61094,0.40818
2017,4,0.45401,0.52009,0.34081,0.51874,0.42102,0.46828,0.27301,0.11316,0.40837,0.20804,0.37171,0.28945,0.56064,0.22341,0.34301,0.14989,0.45517,0.49813,0.77465,0.60053,0.5807,0.34887
2017,5,0.51697,1.1658,0.61105,0.7681,0.78282,1.1988,0.39418,0.28675,0.76593,0.30993,0.75125,0.71069,0.67181,0.48675,0.70789,0.35378,0.5412,1.2856,0.62679,0.80773,1.289,0.60847
2017,6,0.80813,1.7188,1.0239,2.2105,1.1549,2.0426,1.1311,0.4408,1.3698,1.0262,1.2529,1.688,1.6097,1.072,1.7215,0.62291,0.84272,2.0193,1.33,1.8292,2.2124,1.3785
2017,7,9.7442,3.7683,10.105,3.3184,2.7039,4.3247,3.927,0.96344,2.7597,4.4314,8.8286,4.124,2.0746,1.7025,4.1967,1.3094,1.7517,3.4517,2.2257,2.2106,3.8172,9.5464
2017,8,10.627,4.0025,7.1279,6.0545,5.1018,3.8933,4.4816,2.854,4.4502,3.3518,6.4753,2.5746,6.1153,2.9164,6.2377,4.292,2.4865,4.4438,3.6128,3.2739,3.879,5.0903
2017,9,7.8123,4.0319,4.0966,7.7724,5.299,3.6121,3.0451,3.7644,5.5803,2.6891,7.1658,5.2966,7.3706,3.6298,8.3297,3.5232,2.5119,3.8611,6.1421,6.727,4.3006,4.2051
2017,10,1.1917,1.8857,1.076,8.3029,2.3147,1.1705,1.8459,0.78719,2.0612,1.4192,1.3545,6.1241,10.45,3.3017,7.1234,1.0753,2.0742,2.4782,8.6172,7.1773,2.3292,1.2502
2017,11,0.90892,1.0504,0.72823,3.6628,1.5285,0.53377,1.1014,0.44061,1.1948,0.69779,0.79477,2.5693,6.232,1.6613,2.4963,0.66599,1.681,1.4439,4.6212,3.8414,1.3328,0.69361
2017,12,0.74443,0.65904,0.52731,1.4987,1.0051,0.14355,0.56809,0.23015,0.67494,0.35689,0.49227,1.574,1.8736,0.83166,1.7135,0.35359,1.3273,0.81045,3.2265,1.0296,0.77961,0.47005
2018,1,0.53501,0.35012,0.3749,0.63126,0.61838,0.072424,0.3088,0.12978,0.38924,0.18975,0.3038,0.69904,0.93056,0.3986,0.8752,0.18498,0.92915,0.40563,2.1045,0.59207,0.43507,0.31007
2018,2,0.41278,0.26409,0.32083,0.27139,0.43136,0.1935,0.18278,0.095189,0.28662,0.20511,0.22471,0.24931,0.43767,0.25347,0.39189,0.13806,0.67774,0.41756,1.3076,0.37491,0.32146,0.38343
2018,3,0.4954,0.6181,0.47278,0.25966,0.51304,1.0276,0.33841,0.17571,0.56442,0.3722,0.47155,0.15303,0.323,0.23109,0.22664,0.23739,0.57217,0.66477,0.9306,0.35055,0.67619,0.64254
2018,4,0.40972,0.58579,0.46793,0.66962,0.45163,0.34296,0.19006,0.12704,0.44671,0.18131,0.40497,0.36455,0.71282,0.36218,0.54575,0.17284,0.4519,0.66458,0.67728,0.77257,0.6415,0.49855
2018,5,1.2176,2.6119,4.6107,1.5684,1.7601,5.0588,1.7802,0.81102,2.4212,1.7503,5.6487,1.0127,1.3106,0.69221,1.1512,1.0732,1.0003,2.9158,1.4933,1.3872,2.909,7.1925
2018,6,6.9791,3.939,7.2687,2.2559,3.0079,4.278,2.4229,5.1211,6.785,3.5306,8.816,1.5885,1.8226,0.93476,1.7643,4.9067,1.8001,4.9308,2.6801,1.6456,4.3062,5.0735
2018,7,10.228,4.4973,9.528,2.856,5.9055,3.6345,5.3283,4.4377,5.313,3.8665,8.6282,2.0238,2.1457,0.8338,2.1312,3.8274,2.1639,4.3568,2.9256,2.0937,4.5336,5.7605
2018,8,16.802,5.7275,11.833,6.0955,10.225,7.782,13.422,7.154,8.97,8.6682,11.726,2.519,6.1599,1.213,4.1293,8.9941,6.2031,6.1082,7.94,3.103,5.4129,7.9832
2018,9,8.762,4.3661,4.5541,9.9886,6.1449,2.7484,3.4665,2.4071,3.5392,4.1095,3.6444,5.4476,12.042,2.0696,6.4691,4.2151,7.6184,6.0577,14.473,8.9094,3.8942,3.9278
2018,10,1.2082,1.973,1.0679,3.8984,2.1638,1.1257,2.1273,0.64402,2.025,1.8237,1.2536,4.348,6.8685,1.4511,4.7768,0.95233,2.4062,2.8854,3.7208,4.6251,1.9963,1.3592
2018,11,0.97925,1.1647,0.80742,2.335,1.4849,1.6045,1.7613,0.40748,1.3572,1.1613,0.85823,1.9465,3.396,0.61889,2.1283,0.68618,2.0471,1.769,3.2463,1.7514,1.2822,1.0972
2018,12,0.86368,0.79289,0.63811,1.2315,1.02,0.39779,0.96435,0.23367,0.82649,0.54133,0.61689,1.1878,2.7617,0.53174,1.4292,0.36738,1.6428,1.0458,3.2162,1.1009,0.8525,0.74157
2019,1,0.63843,0.42796,0.4703,0.49772,0.63577,0.05963,0.45341,0.11939,0.45983,0.25694,0.38759,0.51988,0.998,0.24997,0.70138,0.18194,1.1484,0.51936,2.2001,0.51784,0.47981,0.46953
2019,2,0.51301,0.36628,0.35061,0.37634,0.53386,0.31856,0.27345,0.11485,0.37751,0.19725,0.27897,0.22625,0.6193,0.18656,0.34213,0.16717,0.91086,0.58827,1.5176,0.4695,0.40448,0.32388
2019,3,0.49903,0.40853,0.29523,0.2059,0.45831,0.19578,0.16363,0.087338,0.28276,0.09003,0.22077,0.13723,0.34052,0.14245,0.18355,0.12385,0.68909,0.50847,0.99945,0.30994,0.378,0.18879
2019,4,0.36661,0.30937,0.2304,0.583,0.34943,0.32886,0.14199,0.071568,0.25997,0.12436,0.19629,0.3201,0.51387,0.26336,0.32209,0.10752,0.55208,0.485,0.67396,0.56671,0.34438,0.22558
2019,5,0.51665,0.87486,0.56935,1.4438,0.71038,1.8325,0.58846,0.24585,0.89254,0.4673,0.65806,1.1409,1.3119,0.58621,1.1691,0.3731,0.7255,1.4997,1.0688,1.3218,1.0245,0.98027
2019,6,1.1171,2.2495,1.2051,2.7781,1.6636,1.7571,0.89141,0.56026,1.5831,0.75117,1.3687,2.1986,2.1032,1.4735,2.3537,0.77607,1.2596,3.0303,2.1061,1.8416,2.3506,1.4004
2019,7,2.9018,2.9235,3.8841,5.7941,2.6038,3.7668,2.1408,1.0205,2.5678,2.0091,4.1202,4.8555,2.9627,3.9287,7.7445,3.3136,1.8942,4.4652,3.2455,2.8053,3.1548,4.884
2019,8,10.123,4.4947,9.7452,7.7499,6.2978,6.5823,9.0705,6.2672,7.6882,6.3952,11.099,5.2025,6.4772,3.2956,8.4124,6.6696,2.3946,5.0577,5.4477,6.5225,4.8491,7.4972
2019,9,4.0854,3.2818,2.8811,7.3,3.0195,1.5808,2.2146,0.97924,2.5681,1.9889,2.407,5.2507,7.5958,2.6476,8.2757,1.2493,2.4588,3.4822,7.7072,4.6416,3.3129,2.2083
2019,10,1.0955,1.6311,1.054,3.9104,1.8773,1.2138,1.8504,0.59723,1.6051,1.2676,1.3619,4.158,3.632,1.5865,4.4173,0.86225,1.8441,1.8214,3.4342,4.4586,1.791,1.4084
2019,11,0.97788,1.1069,0.82645,2.5718,1.3002,0.9801,1.5721,0.38322,1.0752,1.0403,1.0114,2.1953,6.0305,0.83797,2.2011,0.54887,1.4923,1.1019,3.3939,2.3999,1.2501,1.0544
2019,12,0.75464,0.62137,0.52792,1.0903,0.82003,0.24334,0.88545,0.2029,0.61652,0.5054,0.58254,1.138,1.758,0.51315,1.405,0.29455,1.1388,0.61503,2.8863,0.90727,0.72575,0.56323
2020,1,0.53519,0.36459,0.37738,0.60783,0.57126,0.26422,0.47738,0.12985,0.40508,0.26537,0.37091,0.49651,1.2057,0.28676,0.69872,0.19577,0.86172,0.45327,2.2891,0.62389,0.46559,0.39451
2020,2,0.54067,0.40452,0.37673,0.25057,0.47497,0.24612,0.30612,0.10519,0.34439,0.23495,0.35383,0.1829,0.46128,0.18236,0.3105,0.13621,0.65192,0.33849,1.3416,0.35674,0.46083,0.38159
2020,3,0.49257,0.41922,0.40533,0.19467,0.41143,0.69626,0.3524,0.11346,0.39059,0.34997,0.39944,0.14042,0.281,0.16684,0.18574,0.14726,0.48889,0.35447,0.82331,0.32828,0.49044,0.54795
2020,4,0.56666,0.7316,0.55912,0.5478,0.58459,0.47273,0.21216,0.16272,0.5046,0.19162,0.50467,0.26073,0.60297,0.21044,0.27133,0.19311,0.46093,0.88606,0.74144,0.59078,0.7847,0.56561
2020,5,0.89897,1.5887,1.1544,1.2958,1.0612,2.2408,0.839,0.36693,1.1744,0.62565,1.2653,0.61558,1.04,0.3357,0.8136,0.48194,0.63372,1.5713,1.0051,1.0986,1.7711,1.5185
2020,6,1.3879,1.7157,1.3859,2.4636,1.3646,2.5229,1.141,0.48917,1.2726,1.0411,1.3487,1.5857,2.0255,0.87179,1.6638,0.64589,1.1961,2.9101,2.4022,1.7621,2.0529,2.003
2020,7,8.1253,3.5964,7.7341,5.6459,2.8303,4.6397,2.3895,2.016,2.5949,2.3262,8.1688,4.1674,2.9894,1.4171,3.9877,2.7863,1.9152,4.3749,3.1756,2.7244,3.7673,6.2269
2020,8,12.278,5.4967,12.384,5.9873,9.7485,5.4466,7.0025,7.7596,9.6994,5.1052,12.605,4.0808,3.6237,1.7311,5.1385,8.0925,2.5913,5.826,4.1884,3.5837,5.6979,6.6225
2020,9,10.112,6.4513,13.317,6.7786,10.817,4.2364,3.1089,7.9139,10.715,2.9918,13.369,4.367,3.6365,2.3843,6.5117,6.9131,2.7402,5.5782,7.2013,6.6325,6.4836,9.0444
2020,10,1.3225,3.2321,1.4167,3.9221,2.7157,1.5214,2.0693,0.87384,2.523,1.8442,1.6829,2.5773,7.0937,1.4802,3.9599,1.135,2.1527,2.8436,3.86,6.4607,3.448,1.8683
2020,11,1.1556,1.8279,1.1164,2.582,1.953,1.0277,1.4508,0.54768,1.654,1.0048,1.1648,2.182,3.6332,0.71048,2.1152,0.79019,1.8662,1.7567,6.105,1.7677,2.0244,1.3275
2020,12,1.0324,1.1873,0.83731,1.2696,1.4765,0.30438,0.72384,0.33506,1.032,0.45987,0.71823,1.2357,2.6389,0.52182,1.4209,0.49948,1.7909,1.388,10.22,1.0502,1.259,0.74818
2021,1,0.92351,0.85177,0.67615,0.82225,1.0584,0.26909,0.41667,0.22091,0.68498,0.30982,0.52899,0.67607,1.8939,0.35462,0.77381,0.32278,1.4414,0.89268,3.7651,0.81471,0.87353,0.47202
2021,2,0.87593,1.003,0.71226,0.40731,0.92856,0.62192,0.31208,0.21596,0.64127,0.30569,0.58226,0.32238,0.6635,0.22528,0.37652,0.24254,1.0614,0.67,2.4303,0.54207,0.95562,0.59353
2021,3,0.60529,0.59142,0.42734,0.38569,0.5724,0.69754,0.29897,0.11858,0.40747,0.2752,0.33125,0.25703,0.39673,0.33277,0.33579,0.15544,0.70611,0.45667,1.3237,0.44843,0.57045,0.41369
2021,4,0.50829,0.46897,0.36893,0.77665,0.4605,0.65686,0.22047,0.12777,0.41234,0.17049,0.29294,0.38874,0.80103,0.37843,0.45952,0.18799,0.53087,0.66117,0.98278,0.85752,0.54154,0.38388
2021,5,1.2716,2.8518,1.4391,1.6126,1.7209,2.8039,0.91336,0.68774,1.9404,0.95928,1.7799,1.1344,1.4181,0.83475,1.1677,0.82097,0.78354,2.1999,1.2683,1.4945,2.8572,1.5467
2021,6,1.3296,2.0251,1.4553,2.2857,1.4198,2.4852,1.4112,0.63498,2.0727,1.2453,1.7311,1.5496,1.6783,0.84197,1.7196,0.8594,0.89842,2.2746,1.7048,1.6942,2.4055,1.8306
2021,7,7.5762,3.6528,6.8768,3.7653,2.5531,6.5169,8.3038,3.5358,7.0232,5.2857,9.1101,4.2947,2.0774,2.2412,6.1555,4.2224,1.2115,3.1081,1.9742,2.5791,4.1587,6.4127
2021,8,14.481,6.1567,12.564,3.7155,10.773,7.9652,10.499,8.9361,12.529,6.3624,15.396,3.7321,2.6333,1.4907,3.929,9.7875,2.0205,5.0912,2.8893,2.1361,6.6209,7.8708
2021,9,10.908,6.3818,10.507,6.8847,9.3431,3.8318,5.1223,5.5562,6.5122,5.332,10.195,5.1286,7.3744,2.3683,7.3002,5.6592,2.5607,5.2614,7.3174,4.6452,6.4271,5.8348
2021,10,1.2545,3.2737,1.3675,5.8245,2.4593,2.4486,3.1206,0.84182,2.3175,2.3353,1.7386,2.5579,7.1335,1.3478,4.161,1.1333,1.9181,2.7798,3.7072,4.6558,3.5438,2.0367
2021,11,0.95431,1.7415,0.90547,3.94,1.835,0.73192,1.6022,0.5769,1.4837,1.1809,1.0142,2.3862,6.4127,0.63981,2.2137,0.86653,1.7729,2.0055,9.4898,4.6718,1.9502,1.0937
2021,12,0.70158,0.90092,0.56927,2.4881,1.103,0.12794,0.80429,0.28882,0.82142,0.50534,0.5642,1.6885,3.5824,0.51936,1.5643,0.43277,1.3251,0.96482,3.5269,1.7412,1.0583,0.53367
2022,1,0.60589,0.55906,0.40501,0.93522,0.74722,0.078095,0.375,0.15591,0.47721,0.23576,0.34729,0.72304,1.984,0.27746,0.80198,0.22734,1.0383,0.54567,2.6449,0.65371,0.60763,0.28904
2022,2,0.53843,0.44222,0.36326,0.39942,0.52728,0.054548,0.14907,0.090805,0.29982,0.11166,0.27673,0.31283,0.60581,0.20017,0.38478,0.11705,0.72731,0.29496,1.5352,0.52034,0.4314,0.23296
2022,3,0.567,0.85187,0.49831,0.38946,0.67602,1.5017,0.35782,0.22596,0.7211,0.39272,0.55651,0.24077,0.41637,0.2481,0.29819,0.30715,0.59437,0.71782,1.0604,0.55366,0.87079,0.57963
2022,4,0.45287,0.79411,0.47654,0.65444,0.60732,2.1417,0.57837,0.26668,0.93375,0.5816,0.68159,0.30527,0.80711,0.32206,0.37838,0.39225,0.48946,0.98606,0.8823,0.73155,1.0518,0.89108
2022,5,0.56885,1.2224,0.62689,1.4401,0.86272,1.2666,0.55077,0.28335,0.93705,0.47665,0.73781,0.93944,1.3318,0.53614,1.0111,0.40988,0.57265,1.4044,0.9951,1.3299,1.3651,0.853
2022,6,1.0393,1.6561,1.0419,3.0521,1.5788,4.4979,1.9712,0.52545,1.6417,1.7597,1.4229,1.898,3.2225,0.92491,1.893,0.83884,1.1609,2.6477,2.2919,2.3718,1.9322,2.0848
2022,7,6.8708,3.7292,8.638,3.9037,3.0781,5.7881,8.0938,3.0978,5.7978,5.4873,9.6949,2.5706,3.0531,1.648,4.6355,3.8384,1.5707,3.6906,2.6337,2.6735,4.0855,7.2942
2022,8,13.594,5.4124,10.65,5.5938,10.025,7.5039,11.414,7.3927,10.271,5.9356,12.019,2.5668,6.0944,1.3639,3.6714,8.6701,2.5789,5.828,7.6592,2.1873,5.4973,8.6357
2022,9,13.856,6.511,8.4285,7.8481,11.708,2.597,2.3534,6.0159,7.2021,2.1428,6.0985,5.4534,10.44,3.2281,7.2571,5.9569,6.8169,6.2053,13.833,4.6383,5.6289,2.3108
2022,10,1.3191,3.1347,1.2691,5.785,2.7036,1.166,1.9779,0.83187,2.2276,1.5411,1.4233,4.2615,3.6352,1.6395,4.3352,1.083,2.3284,3.0837,3.8575,4.6351,2.9388,1.5642
2022,11,1.0173,1.6259,0.94953,3.6234,1.7831,1.1022,1.8155,0.50539,1.4531,1.1093,0.97486,2.4765,3.6291,0.88746,2.3102,0.68783,1.7903,1.547,3.32,3.6947,1.6908,1.2409
2022,12,0.81622,0.97448,0.67355,1.924,1.1333,0.56365,1.1379,0.27325,0.90236,0.64823,0.67984,1.5456,3.5233,0.56375,1.6072,0.3896,1.3722,0.8764,3.197,1.5452,1.0914,0.82601
2023,1,0.52601,0.50594,0.39193,0.89214,0.68762,0.13196,0.4976,0.13924,0.49262,0.25079,0.35545,0.59054,2.3121,0.27602,0.7817,0.2093,0.99087,0.5508,2.8455,0.7878,0.59717,0.37852
2023,2,0.39701,0.36003,0.32517,0.4287,0.47191,0.17921,0.28128,0.094496,0.3499,0.18655,0.2794,0.29834,0.64308,0.26584,0.43136,0.13561,0.69574,0.37307,1.6564,0.51645,0.4226,0.31862
2023,3,0.33806,0.37694,0.30646,0.4541,0.37269,0.54415,0.23053,0.092735,0.33232,0.14446,0.25928,0.24351,0.45144,0.34213,0.34474,0.13165,0.48623,0.35185,0.96259,0.51346,0.41427,0.30274
2023,4,0.79588,1.5467,0.95696,0.79033,1.0545,1.4672,0.41803,0.35506,1.0606,0.32623,0.91742,0.32101,1.051,0.26327,0.40495,0.45627,0.72854,1.562,1.2813,0.80969,1.5149,0.9603
2023,5,1.1599,2.0394,1.3403,3.1346,1.4769,1.661,0.62164,0.48274,1.2418,0.47161,1.0757,1.6177,3.044,0.91512,1.8452,0.5736,1.0287,2.1683,2.4406,2.6473,1.7602,1.2075
2023,6,6.4424,2.9968,5.4983,3.7179,2.5255,3.1526,1.4882,0.91198,2.2941,1.449,1.856,2.1612,3.4279,0.98003,2.4995,1.2896,1.8381,4.1914,3.6738,2.1129,2.9347,2.0073
2023,7,8.31,4.7674,11.862,3.9278,7.9468,4.4445,2.4839,5.1388,6.8986,3.3023,10.439,3.9144,2.7972,1.0412,4.6402,5.7588,2.3343,4.6006,3.7946,2.3284,4.5514,7.1886
2023,8,16.626,6.3801,11.271,6.6544,12.176,6.1407,7.9292,8.3187,10.576,5.4181,12.025,4.0774,3.6308,1.3749,5.5598,10.04,8.3853,6.7856,12.538,4.2447,5.6095,7.0015
2023,9,5.4844,4.8959,4.9671,7.0882,4.5922,3.7505,2.9856,3.3647,5.0726,2.5766,6.1895,5.4575,7.1511,3.3684,8.4034,3.7423,2.826,4.8264,6.8324,4.6733,4.6528,4.3848
2023,10,1.312,2.7908,1.2895,11.456,2.7459,1.9977,1.9784,0.97783,2.5154,1.4283,1.5838,8.2849,12.973,3.5808,10.409,1.7299,2.6347,3.7424,10.736,9.7646,2.9474,1.644
2023,11,1.1155,1.6884,1.0487,3.2853,2.0153,0.5902,1.2443,0.64625,1.6636,0.73051,1.1626,2.5549,3.1625,1.4843,2.599,0.91519,2.1046,1.9028,3.517,2.3871,1.849,1.0861
2023,12,0.97383,1.0101,0.78618,2.0674,1.334,0.43241,0.7542,0.37706,1.0409,0.45777,0.79764,1.5678,3.6346,0.61612,1.7487,0.53332,1.7018,1.0538,4.4044,1.9118,1.162,0.75313
2024,1,0.84656,0.65053,0.56772,0.93086,0.89494,0.093473,0.34007,0.21169,0.60397,0.20231,0.47707,0.73684,1.7383,0.39967,0.94865,0.28634,1.3067,0.61401,3.0756,0.76125,0.70296,0.39626
2024,2,0.68727,0.5268,0.47028,0.33302,0.64704,0.13572,0.16862,0.13843,0.41728,0.12929,0.38915,0.28605,0.45395,0.25092,0.41974,0.1671,0.89855,0.36529,1.7629,0.41283,0.59986,0.27861
2024,3,0.5062,0.34993,0.32966,0.2692,0.42919,0.10759,0.086147,0.072228,0.25089,0.07497,0.24651,0.27019,0.25002,0.34726,0.32336,0.093164,0.599,0.23339,0.944,0.44681,0.41243,0.143
2024,4,0.45805,0.48738,0.35729,0.59307,0.50385,1.332,0.57086,0.17627,0.52618,0.31764,0.3636,0.29724,0.67603,0.26252,0.34227,0.21163,0.52407,0.64068,0.79112,0.65216,0.61523,0.47267
2024,5,0.55512,1.1771,0.64685,1.5714,0.83553,2.6678,0.88702,0.36558,1.3813,0.70526,0.98457,1.0345,1.1847,0.69122,1.2,0.6549,0.63752,1.4472,0.97139,1.3636,1.4911,1.1881
2024,6,1.3247,2.9993,4.976,3.3395,2.1529,6.2366,2.291,2.0489,4.7736,4.9749,7.008,2.1385,2.786,1.4954,2.3552,5.5263,1.5795,4.2346,2.6774,2.3316,3.3205,7.2974
2024,7,6.863,4.1147,8.7122,5.8987,4.0646,8.7886,8.1428,6.0928,10.191,9.2879,11.341,4.4388,3.5934,3.5716,6.1392,8.0754,2.1403,4.8962,3.596,3.4862,4.6665,10.933
2024,8,10.779,5.0526,8.162,6.2141,8.6565,6.8395,9.2827,6.6411,9.1983,6.2422,10.656,4.2305,3.6278,2.4522,6.5571,8.2728,2.8152,5.8504,9.3124,4.2208,5.4643,6.612
2024,9,4.0854,4.1896,2.442,6.7311,5.0939,2.2085,2.4745,2.2738,2.9144,2.4317,3.9395,6.1055,7.0025,4.591,8.9315,2.2296,2.7623,4.1848,6.8238,6.4821,4.3248,2.0982
2024,10,1.215,2.2531,1.2077,3.9114,2.5331,1.5693,2.0421,0.8341,2.0504,1.7895,1.553,5.2344,7.2156,4.0783,7.1913,1.1208,2.253,2.4525,3.877,4.6836,2.5472,1.5828
2024,11,0.83223,1.0241,0.74645,2.2752,1.4837,0.3586,1.2228,0.41193,1.044,0.84291,0.84922,2.1537,2.1062,1.0223,2.2387,0.57929,1.6208,1.1265,2.6673,1.9052,1.3129,0.80344
2024,12,0.55667,0.51353,0.44163,0.95134,0.78983,0.047968,0.56487,0.17559,0.49927,0.35225,0.39512,1.0305,1.1818,0.51304,1.3013,0.26657,1.0883,0.507,1.6032,0.8532,0.65839,0.34604
2025,1,0.50019,0.45204,0.38879,0.46754,0.56709,0.1948,0.34651,0.11683,0.37138,0.27367,0.33506,0.48733,0.82236,0.34143,0.6671,0.1704,0.81124,0.31243,1.1554,0.59207,0.50923,0.28772
2025,2,0.40744,0.34929,0.31917,0.22744,0.40963,0.052338,0.1733,0.080721,0.25892,0.15667,0.24944,0.19985,0.36215,0.22867,0.31288,0.095997,0.58161,0.19539,0.68239,0.38533,0.387,0.19842
2025,3,0.38945,0.46132,0.2919,0.33474,0.41828,0.27759,0.080343,0.10012,0.31977,0.11652,0.23665,0.18266,0.49971,0.22647,0.25992,0.13065,0.45221,0.39346,0.59615,0.42318,0.44918,0.1847
2025,4,0.45979,0.86849,0.50706,0.8305,0.67148,1.5837,0.43853,0.25818,0.83486,0.37638,0.63985,0.3315,0.96085,0.29616,0.38259,0.35872,0.49665,1.0451,0.77013,0.78956,1.046,0.67108
2025,5,0.9292,1.6287,0.8985,1.3982,1.2028,2.0707,1.0862,0.3669,1.1496,0.59814,0.96538,0.89067,1.4775,0.4709,0.76449,0.55322,0.92241,2.0234,1.2434,1.135,1.6001,1.1466
2025,6,1.2553,2.037,1.1867,2.6978,1.5103,3.6708,1.7334,0.55132,1.6941,1.1399,1.4254,2.0435,2.0328,1.1352,1.863,0.90512,1.2181,2.9036,1.9143,2.0872,2.2061,1.8222
2025,7,1.4145,2.5133,3.0751,3.6097,1.8782,5.334,9.2587,0.82833,2.6058,5.386,3.4307,2.5625,2.0814,1.2145,4.4479,1.294,1.3308,3.0142,2.1598,2.361,2.9254,5.4002
2025,8,1.3886,2.0257,1.7571,3.9171,1.7656,3.568,9.8575,0.8572,2.7324,5.4107,1.9026,3.7993,3.2128,1.552,4.9534,1.7111,1.3876,2.9387,2.747,2.2325,2.5074,3.6237
2025,9,2.4137,2.3334,2.0087,5.9141,1.9917,3.2131,5.4918,0.99903,2.9929,4.0327,3.0501,4.2381,6.9559,1.7625,5.8724,1.8943,1.4397,2.8628,3.5442,4.4253,2.7873,2.3156
2025,10,1.2971,1.7271,1.3055,3.9311,1.5726,1.3599,3.1068,0.79279,2.3047,2.0376,1.5954,2.5322,3.5819,1.2168,3.3535,1.0828,1.1101,1.8679,3.4006,4.6002,2.0254,1.6938
2025,11,1.0516,1.163,0.99295,2.5972,1.0759,0.99705,2.0848,0.46548,1.5139,1.2279,1.1646,2.1467,3.2104,0.71375,2.1412,0.64801,0.80661,1.0067,2.8014,2.4901,1.4588,1.2069
2025,12,0.8271,0.68222,0.59502,1.5445,0.67772,0.20415,1.1411,0.21546,0.79137,0.5498,0.61314,1.378,3.364,0.61726,1.5471,0.31254,0.66039,0.59825,3.0001,1.4524,0.85112,0.57169
2026,1,0.68264,0.54893,0.45527,0.54697,0.50911,0.32591,0.63752,0.14173,0.5272,0.3548,0.44268,0.54722,1.0808,0.28329,0.7517,0.20034,0.49844,0.36978,1.9584,0.48952,0.63389,0.38123
2026,2,0.6308,0.61739,0.49095,0.28755,0.49558,0.85845,0.42025,0.16534,0.57489,0.42723,0.5412,0.27637,0.44693,0.25405,0.38141,0.20268,0.40423,0.3769,1.1646,0.44179,0.7343,0.61581
2026,3,0.62536,0.79979,0.55247,0.33562,0.57845,1.3985,0.38496,0.22147,0.78571,0.54593,0.65352,0.21366,0.54573,0.24017,0.2578,0.2895,0.35668,0.56059,0.86887,0.51806,0.9169,0.78346
2026,4,0.59533,0.69292,0.48121,0.5764,0.48691,0.89079,0.32103,0.15952,0.73178,0.29718,0.60502,0.27245,0.63642,0.18236,0.2834,0.22194,0.34379,0.54807,0.69747,0.60258,0.86113,0.54893
2026,5,0.80962,1.3989,0.95574,2.0794,0.88238,1.3998,0.73145,0.27354,1.3176,0.53608,0.94458,1.1968,1.7723,0.66676,1.2547,0.3724,0.61403,1.2949,1.3994,1.8086,1.3808,1.1239
2026,6,2.5814,3.2407,7.3838,3.2493,2.029,4.9122,1.6008,0.88247,2.8667,1.775,6.5766,2.1232,2.3807,1.0167,2.1081,1.2433,1.2349,3.1924,2.265,2.1673,3.2229,6.4583
2026,7,11.675,6.0811,14.064,8.7464,9.7216,5.5436,5.1868,7.2005,10.092,4.9758,13.111,6.7745,3.5874,5.43,10.845,8.3451,2.3099,5.3741,7.902,6.6193,5.5157,8.5524
2026,8,14.76,7.2772,11.037,6.1043,13.162,6.8188,5.3637,9.0689,11.698,4.52,11.946,3.9074,6.209,2.6805,6.1268,11.52,9.9788,7.7347,11.766,3.4461,6.4167,7.0937
2026,9,11.6,7.2083,8.2182,6.4908,7.999,3.4582,2.3971,5.9382,7.5407,2.4254,8.5393,4.9478,7.3738,3.0036,7.2379,5.9357,5.9078,6.1699,9.1626,6.4011,6.3768,4.901
2026,10,2.8226,4.5423,1.4623,10.613,2.9092,1.5277,1.9962,0.93665,2.5934,1.9003,1.8025,6.5667,14.627,2.365,7.6195,1.286,2.6639,3.8048,12.269,9.643,3.8879,1.949
2026,11,1.0729,2.1208,0.99123,3.1201,1.7652,0.79168,1.4166,0.52009,1.572,1.1596,1.1387,2.3562,3.2446,0.9014,2.3152,0.7844,1.9921,1.7366,3.3745,2.9269,2.0693,1.2995
2026,12,0.93649,1.2776,0.79389,1.6211,1.187,0.81858,0.99108,0.35423,1.3498,0.68131,0.91144,1.373,2.5478,0.69744,1.5759,0.52695,1.6109,1.1158,3.278,1.3352,1.4025,1.0574
2027,1,0.684,0.65806,0.50931,0.60468,0.74375,0.11681,0.46658,0.17134,0.72794,0.30805,0.4956,0.5937,0.84718,0.36683,0.83311,0.26551,1.1436,0.55867,2.0755,0.54488,0.77807,0.54118
2027,2,0.62476,0.7035,0.46896,0.38257,0.6811,0.50396,0.35977,0.16616,0.64217,0.27447,0.465,0.29889,0.52136,0.28961,0.41947,0.23478,0.86758,0.54716,1.3328,0.55306,0.77929,0.4558
2027,3,0.50893,0.53898,0.36921,0.36886,0.51165,0.81038,0.2761,0.14353,0.5361,0.28521,0.3715,0.2143,0.42975,0.22473,0.26255,0.21092,0.63481,0.63641,0.89982,0.46798,0.63162,0.40147
2027,4,0.49462,0.8849,0.43077,0.52667,0.73746,1.344,0.4573,0.26144,0.82945,0.44808,0.59659,0.2786,0.61687,0.25476,0.30098,0.34316,0.58539,1.0683,0.70972,0.61399,1.045,0.55358
2027,5,0.83085,1.6888,1.0045,1.7439,1.2469,3.2444,1.316,0.48077,1.4772,1.0818,1.3721,1.0686,1.5107,0.70319,1.1814,0.6925,0.83855,1.9435,1.3188,1.6003,2.0892,1.6886
2027,6,2.3919,2.8908,4.403,3.3895,2.3052,3.7002,1.9392,0.90861,2.5277,1.6894,5.1876,1.901,2.4939,1.0541,2.2116,1.2745,1.4973,3.4822,2.2368,2.1806,3.2717,4.0592
2027,7,7.7887,4.5674,8.3062,3.9313,7.42,5.831,6.8381,6.0572,8.4037,3.201,10.086,2.5653,2.6574,1.4162,5.3441,7.3063,2.1421,4.8075,2.892,2.4845,4.9465,6.3914
2027,8,9.1027,4.6463,6.3026,5.4481,7.5795,4.79,5.5631,4.9477,7.1792,2.9556,8.7813,2.4845,3.0366,1.2506,4.3971,5.7607,2.3913,4.8468,3.4156,2.099,5.2487,4.0436
2027,9,11.946,5.9753,8.8612,9.9742,10.435,3.7391,4.8541,6.2529,9.4541,3.0504,11.005,7.2561,11.345,2.4969,8.8573,4.4687,4.564,4.9102,10.504,8.3124,6.0814,2.2527
2027,10,1.4054,3.4313,1.4595,3.9389,2.9027,1.9893,3.5529,0.97233,2.665,2.1982,1.8557,3.9716,7.8524,1.6528,3.8862,1.2205,2.4556,2.9853,5.3854,6.3482,3.6652,1.8115
2027,11,1.0691,1.736,1.0388,2.7799,1.9834,1.1684,2.2998,0.6483,1.8421,1.7055,1.3237,2.2205,3.6073,0.6732,2.0855,0.82188,1.8386,1.4941,3.3034,2.8576,2.06,1.5345
2027,12,0.75177,0.84964,0.63031,1.5325,1.1501,0.1888,1.2607,0.30782,0.96425,0.71827,0.69813,1.3965,2.7875,0.5445,1.4558,0.39959,1.3036,0.71727,2.6295,1.3247,1.0936,0.72962
2028,1,0.62287,0.49598,0.438,0.58669,0.70731,0.03862,0.58108,0.15978,0.5549,0.31548,0.41008,0.59834,1.1108,0.26986,0.72469,0.20234,0.92378,0.37118,1.7759,0.51089,0.71326,0.37941
2028,2,0.61643,0.61928,0.46121,0.5523,0.70898,1.1126,0.50688,0.2226,0.73208,0.48294,0.53641,0.41827,0.90021,0.33873,0.42418,0.26976,0.75926,0.61508,1.299,0.86117,0.80781,0.64562
2028,3,0.47698,0.38781,0.29258,0.31026,0.45088,0.21535,0.21011,0.11351,0.46709,0.17871,0.28353,0.21183,0.35849,0.20526,0.25334,0.12941,0.55538,0.35823,0.75937,0.42237,0.45924,0.2728
2028,4,0.51249,0.73814,0.29501,0.77779,0.6527,0.65893,0.18642,0.18816,0.59435,0.1794,0.31594,0.33239,1.0091,0.31834,0.42515,0.2751,0.61401,1.2371,0.95466,0.81486,0.70943,0.26184
2028,5,1.0993,2.4125,1.3167,1.66,1.6468,3.1172,0.941,0.57859,1.8109,0.78105,1.5886,1.0413,1.6491,0.66614,1.084,0.82916,0.98902,2.5123,1.3727,1.5088,2.3837,1.7163
2028,6,1.1972,1.9374,1.3711,2.0485,1.7157,4.141,1.9913,0.71882,2.1287,1.5377,1.7364,1.3307,1.5307,0.92983,1.6098,1.248,1.3387,3.4664,1.8741,1.4439,2.3561,2.3151
2028,7,2.7061,2.9948,6.3277,2.856,2.6768,6.1682,8.5425,3.6342,5.142,4.5476,6.8236,1.7698,2.39,0.8254,2.0331,6.2463,1.7879,4.67,2.7055,2.0078,3.9161,5.5151
2028,8,14.891,5.8032,12.144,3.8066,10.912,7.0776,8.823,8.4739,11.445,7.7114,14.249,2.1374,6.0703,0.93628,2.4246,9.7024,2.6817,6.2659,6.6557,2.1515,6.3272,7.4371
2028,9,2.0161,3.616,1.7059,6.598,3.3972,2.7791,2.4724,2.2672,2.9057,2.6075,2.9811,4.5995,7.1706,1.5989,6.1843,3.151,2.7548,5.0239,7.1474,6.4301,4.2742,2.1639
2028,10,1.1442,1.8975,1.0539,6.8501,2.2671,1.9161,2.4506,0.79382,2.075,2.1576,1.3979,6.4099,8.1503,2.9792,7.7238,1.1231,2.2488,2.8046,4.6194,4.6531,2.4223,1.6154
2028,11,0.8787,1.1029,0.74258,2.9219,1.4679,0.62667,1.7098,0.45989,1.2661,1.1557,0.86224,2.3413,5.3957,0.98384,2.3557,0.69278,1.7109,1.4289,3.2961,2.9591,1.4422,1.0797
2028,12,0.61406,0.58177,0.4522,1.2418,0.87365,0.087609,0.86704,0.22757,0.67621,0.48386,0.45386,1.1127,2.4501,0.44696,1.4458,0.35102,1.2191,0.70179,2.6313,0.97409,0.78074,0.53273
2029,1,0.49225,0.37971,0.31991,0.57384,0.55772,0.043474,0.41632,0.14261,0.41414,0.23904,0.28983,0.49425,1.028,0.29081,0.73497,0.21107,0.8789,0.37153,1.7146,0.60025,0.47682,0.27527
2029,2,0.55808,0.77802,0.47786,0.3733,0.63623,0.26943,0.20921,0.18597,0.5523,0.16731,0.48943,0.25772,0.53282,0.23421,0.36854,0.1936,0.68499,0.44801,1.0518,0.52668,0.82877,0.34258
2029,3,0.42206,0.53522,0.38103,0.59525,0.49376,0.60213,0.25057,0.12958,0.42448,0.28338,0.38488,0.25646,0.70292,0.27636,0.35457,0.14376,0.46971,0.3641,0.91119,0.57446,0.66006,0.29791
2029,4,0.52812,1.1583,0.49393,1.1629,0.90288,1.7286,0.70808,0.34581,1.0185,0.58163,0.7184,0.43319,1.3629,0.37143,0.50598,0.47366,0.64047,1.5923,1.188,1.161,1.3115,0.58383
2029,5,0.76366,1.9158,1.2894,1.5006,1.2713,5.0591,2.0713,0.68666,2.2366,1.5026,3.1708,1.0983,1.2646,0.72128,1.1428,0.91915,0.68807,2.0652,1.093,1.321,2.6163,5.2766
2029,6,0.73585,1.5147,1.299,2.7915,1.1476,5.1989,5.1951,0.78025,2.4769,2.3562,2.9948,1.929,2.2167,1.0913,2.0673,1.2843,0.97997,2.8149,1.9653,2.1136,2.4129,4.6156
2029,7,1.3179,3.2871,6.1122,3.9294,2.029,6.8728,6.7055,4.1828,7.2042,4.426,9.0332,4.2014,2.3495,1.5372,5.2979,6.0724,1.4447,3.6902,2.4446,2.5129,3.8117,7.3961
2029,8,3.7735,3.4177,7.3661,3.9282,2.6591,5.5603,4.4466,4.0006,6.6147,2.7761,7.3823,3.8755,3.4406,1.5805,4.5662,5.7589,1.7693,4.481,3.2119,2.3032,3.9442,6.1991
2029,9,8.3051,4.8316,11.202,6.2276,8.3348,5.9705,7.184,7.3297,10.417,6.2604,11.54,4.8319,7.8479,1.8546,6.2821,6.9709,2.5025,5.5864,9.0652,4.638,5.2827,6.8828
2029,10,1.2049,2.32,1.3497,6.0739,2.4275,1.1171,1.8479,0.85865,2.374,1.5867,1.6144,4.8096,7.1453,3.0571,6.6073,1.0368,1.8399,2.6911,4.6963,4.6372,2.7605,1.5821
2029,11,1.0345,1.1971,0.94733,2.7693,1.5554,0.37996,1.2913,0.48959,1.4193,0.8978,1.006,2.1914,3.5072,0.97688,2.3088,0.59707,1.3541,1.3598,3.5411,2.751,1.4977,0.97051
2029,12,0.83399,0.81228,0.60896,1.2394,1.1641,0.27957,0.62716,0.3044,0.89404,0.39794,0.5678,1.3873,3.0867,0.71069,1.7167,0.41935,1.4793,1.4196,19.497,1.0585,0.95968,0.51761
2030,1,0.71656,0.59672,0.47601,0.81032,0.87452,0.28288,0.33982,0.21079,0.62761,0.22022,0.41148,0.552,2.2639,0.32005,0.81069,0.30605,1.2531,0.97067,5.7517,1.0282,0.66279,0.34858
2030,2,0.52242,0.47871,0.39072,0.44009,0.59634,0.65157,0.25811,0.15144,0.51187,0.28429,0.3777,0.276,0.72976,0.23167,0.39727,0.20162,0.87127,0.57256,2.7641,0.53044,0.59169,0.39426
2030,3,0.44492,0.49156,0.39707,0.26452,0.48933,1.0001,0.41606,0.1478,0.55411,0.46476,0.42588,0.15272,0.36091,0.19013,0.20779,0.19399,0.62514,0.43688,1.5714,0.36051,0.62615,0.53977
2030,4,0.4717,1.2105,0.75555,0.65635,0.87644,3.397,0.62896,0.48871,1.6554,0.73313,1.2638,0.26918,0.747,0.23539,0.29152,0.64593,0.64472,1.483,1.296,0.67501,1.834,1.4596
2030,5,1.0614,2.4157,2.6191,1.856,1.6302,3.3387,1.2737,0.75835,2.3533,1.0495,3.7875,1.0355,1.8059,0.58049,1.0289,1.0278,1.0621,2.5773,1.8171,1.5924,2.7233,3.9875
2030,6,1.2768,2.4452,3.9775,3.5079,1.8447,4.318,2.1504,0.95198,2.7984,1.7492,4.3369,2.4692,2.6783,1.1846,2.2969,2.6089,1.4145,3.5259,2.4609,2.4998,2.865,4.2022
2030,7,2.6163,2.5893,2.8703,3.9339,2.169,3.1626,2.1751,1.6196,2.9747,1.6448,3.2151,3.8879,2.4564,1.1835,4.0541,2.801,1.6124,3.5552,2.6353,2.2076,2.8604,2.301
2030,8,6.4261,3.1539,4.9257,5.4233,2.6378,3.0012,5.9588,2.4805,3.9068,2.9764,4.4636,2.5313,3.0325,1.0264,3.2752,2.9401,1.7605,3.3358,3.0761,2.0463,3.011,3.9175
2030,9,1.4151,2.3867,1.4442,6.9443,2.3752,1.2849,2.4945,0.9225,2.3997,2.2887,1.6687,5.4736,6.6762,2.0465,7.6391,1.2554,1.7587,2.5576,3.6164,6.3213,2.1943,1.9804
2030,10,1.0763,1.2857,1.0048,3.7729,1.4282,0.75036,1.8895,0.50466,1.4036,1.4544,1.0051,2.4637,7.0764,0.91911,2.5495,0.76546,1.2168,1.2447,3.1345,3.7355,1.2569,1.3051
2030,11,0.79038,0.78526,0.72821,2.4201,0.91369,1.0056,1.7379,0.30887,0.96118,1.1562,0.71574,2.1916,2.5117,0.78395,2.1248,0.46009,0.84425,0.66649,2.3752,1.9447,0.89998,1.0909
2030,12,0.61545,0.49098,0.49667,1.5254,0.60862,0.19966,0.9235,0.16877,0.55365,0.47777,0.43503,1.4552,2.1326,0.57192,1.5147,0.24853,0.66771,0.39811,1.8415,1.6552,0.56596,0.5658
2031,1,0.41188,0.262,0.31662,0.5921,0.36709,0.053771,0.42107,0.084595,0.3066,0.21129,0.24279,0.64194,0.82661,0.2412,0.74922,0.12409,0.47124,0.20653,1.1138,0.59448,0.32305,0.28593
2031,2,0.3083,0.20581,0.21684,0.31843,0.28234,0.073973,0.17567,0.061662,0.21495,0.11394,0.14835,0.233,0.4378,0.15365,0.34168,0.088145,0.35777,0.21188,0.71129,0.44635,0.23161,0.15204
2031,3,0.2644,0.22683,0.20392,0.36123,0.22904,0.28671,0.1389,0.057669,0.20745,0.12314,0.1608,0.16654,0.42142,0.13455,0.22625,0.072808,0.27804,0.20159,0.56692,0.50813,0.23902,0.19389
2031,4,0.2025,0.24119,0.167,0.50408,0.23317,0.46643,0.11737,0.066992,0.23765,0.11649,0.14937,0.24498,0.66572,0.22102,0.30058,0.10469,0.29068,0.53026,0.64127,0.57947,0.28033,0.213
2031,5,0.29075,0.64161,0.3489,1.1993,0.43442,1.1508,0.42319,0.1747,0.5732,0.30585,0.47478,0.77895,1.0744,0.54828,0.82301,0.23539,0.32966,0.89618,0.80466,1.0816,0.81662,0.6217
2031,6,0.99591,2.1364,1.0975,2.5011,1.4565,2.9038,0.90205,0.58746,1.7248,0.83065,1.4246,1.9828,1.807,1.0036,1.8588,0.89891,1.1239,3.1037,2.0906,2.1183,2.307,1.7584
2031,7,6.5575,3.9215,7.203,5.7362,3.033,5.0881,1.8773,4.0545,6.1564,1.778,8.866,2.5481,2.7805,1.0567,2.603,5.3437,1.6488,4.4058,2.9427,2.7543,4.2496,6.6245
2031,8,6.0624,3.6328,6.131,3.9181,3.6067,4.445,2.259,3.2881,5.2876,1.784,7.1671,2.5771,2.852,1.4775,5.1583,3.8797,1.6511,3.7916,2.8914,1.8302,4.2465,4.59
2031,9,3.0664,3.1525,4.1336,6.1691,4.0491,4.1296,3.0163,3.5817,5.261,3.2612,5.8223,4.2534,7.2341,1.6166,5.5962,3.698,1.8405,4.06,6.6101,6.4552,3.973,4.8791
2031,10,1.1109,1.5565,1.1713,3.938,2.2077,0.89129,1.6251,0.75081,2.0727,1.4299,1.4454,5.145,8.7496,1.8513,6.1932,0.94547,1.2993,2.0029,3.7447,6.8296,2.1877,1.4885
2031,11,0.7811,0.74466,0.73982,2.3785,1.2853,0.18523,0.92801,0.39317,1.1498,0.68636,0.81375,2.2612,2.7324,0.77566,2.2593,0.49903,0.87609,0.93498,2.6533,2.4724,1.1529,0.79438
2031,12,0.56069,0.49012,0.51473,1.1769,0.80342,0.32969,0.61144,0.23701,0.75761,0.44459,0.58677,1.4927,1.5938,0.51017,1.5586,0.28762,0.65164,0.53156,1.9654,1.1766,0.79488,0.58572
2032,1,0.3687,0.25235,0.31272,0.53824,0.4875,0.18391,0.33201,0.12245,0.43493,0.24585,0.33792,0.69598,0.85208,0.27452,0.79466,0.14837,0.4685,0.27267,1.2657,0.60329,0.44499,0.34049
2032,2,0.42417,0.54799,0.41969,0.24061,0.53214,0.47285,0.23495,0.13715,0.47613,0.30671,0.46073,0.26066,0.35326,0.1746,0.36212,0.15034,0.40222,0.31318,0.80527,0.35753,0.61986,0.47811
2032,3,0.36579,0.49228,0.39678,0.20908,0.4193,0.85766,0.23192,0.13152,0.49274,0.29668,0.42682,0.17621,0.30278,0.15958,0.20503,0.15517,0.30197,0.32072,0.5515,0.34866,0.57522,0.53349
2032,4,0.38051,0.68305,0.44728,0.57385,0.52356,0.78064,0.24117,0.19524,0.6934,0.27371,0.46704,0.27273,0.59382,0.20029,0.27311,0.24194,0.36372,0.79042,0.61543,0.58076,0.78967,0.495
2032,5,0.41715,0.90248,0.43939,1.2836,0.66211,2.4878,0.94884,0.342,1.0531,0.73438,0.69109,0.77492,1.0115,0.51551,0.80133,0.47253,0.53404,1.3039,0.94516,0.98762,1.1855,0.99015
2032,6,0.87246,1.988,1.0561,2.5373,1.2796,3.1892,1.5023,0.5783,1.8106,1.4025,1.5283,1.8738,1.7136,0.93973,1.7254,0.81055,0.88376,2.269,1.5901,1.8888,2.2141,1.9895
2032,7,1.2396,2.727,1.4853,3.9367,1.9851,3.9425,4.6964,0.86006,2.5733,2.2852,4.7789,4.9511,2.629,3.0548,7.4259,1.2429,1.2235,2.9475,2.1597,3.4242,3.0848,4.292
2032,8,2.407,2.4611,3.596,3.406,2.2012,9.4523,13.04,3.834,7.9006,8.4807,8.9813,1.9393,2.7429,0.85935,2.4844,6.1251,1.3208,3.3753,2.6303,1.69,3.8005,10.258
2032,9,12.035,4.2381,8.0193,9.1132,6.8665,5.364,5.2475,5.307,8.6489,4.6594,10.217,5.8446,9.685,2.2978,8.2083,6.3646,1.9872,4.5997,11.335,7.4488,4.9506,7.3749
2032,10,2.9579,2.8043,2.3233,9.2822,2.9966,1.8887,2.0821,1.0085,2.7892,1.8718,1.9645,5.9987,10.001,1.9801,6.7212,1.2784,1.7525,3.014,6.6687,7.7273,3.4819,2.1395
2032,11,1.1929,1.5898,1.1953,5.4604,2.248,0.4564,1.2643,0.70296,1.8337,0.91666,1.2788,2.5682,6.5102,1.2897,2.5407,0.88768,1.4725,1.8639,5.9048,4.6422,2.0606,1.4002
2032,12,0.98543,0.8688,0.85515,2.0485,1.4578,0.14519,0.69946,0.39091,1.0655,0.44862,0.7817,1.8346,2.9846,0.73371,1.9264,0.50608,1.1218,0.97468,3.636,1.535,1.1387,0.78517
2033,1,0.80166,0.55806,0.62066,0.73045,0.95344,0.10262,0.3569,0.2229,0.64009,0.23256,0.50171,0.76874,1.3103,0.34188,1.0592,0.28106,0.8417,0.50126,2.6338,0.66708,0.67593,0.4613
2033,2,0.69882,0.52247,0.49846,0.2843,0.74021,0.23427,0.20023,0.15844,0.47893,0.14985,0.38911,0.26421,0.46525,0.21729,0.47568,0.19322,0.66904,0.41243,1.6161,0.37335,0.55519,0.33399
2033,3,0.60408,0.58758,0.49109,0.27356,0.56846,0.98072,0.2727,0.14393,0.52835,0.31047,0.4631,0.21284,0.28486,0.21821,0.30574,0.18806,0.48573,0.38381,0.89744,0.46605,0.62027,0.60033
2033,4,0.58136,0.76572,0.60963,0.54612,0.57554,1.3151,0.38287,0.201,0.73687,0.40179,0.69801,0.26406,0.56886,0.24493,0.32377,0.27191,0.43729,0.7372,0.75837,0.58508,0.90679,0.80139
2033,5,0.91039,2.1324,1.313,1.1886,1.2991,2.9052,1.1856,0.58654,1.8035,1.0912,1.7257,0.71848,1.116,0.56818,0.75429,0.71381,0.65484,1.972,1.2232,1.0875,2.457,1.9606
2033,6,1.0636,1.8079,1.1968,2.8719,1.2392,2.8012,1.5962,0.55169,1.6097,1.3229,1.6221,2.0146,1.8638,1.2084,1.9245,0.82923,0.96701,2.279,1.9046,2.0235,2.0585,2.1568
2033,7,3.0345,3.0733,3.429,7.0488,2.4971,4.6194,6.2989,2.3141,2.7699,2.9516,5.5099,6.0017,3.6282,3.3673,8.0648,4.2619,1.7087,4.2154,3.2409,4.0186,3.3643,4.4693
2033,8,6.7668,3.4872,5.8368,3.9391,3.0763,3.295,3.3657,3.3257,4.3197,2.2566,5.9326,2.5352,3.6157,1.5464,3.6411,3.8679,1.9031,4.1472,6.3987,3.061,3.7574,4.0382
2033,9,6.8037,3.4119,3.6447,6.6873,4.8321,3.0973,2.4575,2.9129,4.1543,2.2206,4.207,5.3058,7.1864,3.3865,7.3607,4.1276,2.2976,4.3106,8.9919,4.6627,3.5122,3.6973
2033,10,2.3233,2.2878,1.4617,6.2056,2.6975,1.1296,1.8084,0.85566,2.3425,1.4057,1.747,5.2784,7.5734,2.2656,6.3999,1.1934,1.9791,2.628,5.0466,4.6843,2.399,1.8508
2033,11,1.1744,1.2243,1.0827,3.8813,1.8322,0.34382,1.1266,0.5062,1.4189,0.72268,1.1618,2.5468,6.1746,1.1117,2.4817,0.74167,1.4764,1.4309,3.7211,4.5872,1.3601,1.122
2033,12,0.86892,0.6281,0.6997,1.792,1.0672,0.071257,0.56045,0.244,0.79,0.32379,0.62267,1.6903,1.6279,0.65702,1.749,0.37169,0.9984,0.67175,2.5897,1.2377,0.76148,0.54528
2034,1,0.64838,0.47122,0.50125,0.83847,0.75394,0.3443,0.33429,0.16511,0.57102,0.22836,0.43597,0.74081,1.7528,0.33844,0.91021,0.25306,0.80234,0.54831,2.4644,0.66496,0.57829,0.36827
2034,2,0.54489,0.67931,0.52959,0.39234,0.69756,0.53014,0.28127,0.16666,0.64111,0.32475,0.5586,0.26737,0.59812,0.21293,0.40659,0.22142,0.59539,0.47397,1.4219,0.49267,0.81003,0.57201
2034,3,0.39327,0.3638,0.30827,0.36855,0.44141,0.24662,0.12776,0.082351,0.35727,0.12854,0.26167,0.24247,0.42812,0.24595,0.27364,0.1403,0.42312,0.37538,0.89404,0.48047,0.45834,0.24445
2034,4,0.40717,0.56534,0.44242,0.70449,0.43922,0.49617,0.18714,0.10526,0.44061,0.17905,0.40804,0.29448,0.89807,0.27228,0.36317,0.13855,0.39129,0.48747,0.76409,0.71054,0.60642,0.39685
2034,5,0.66872,1.1419,0.6406,1.3804,0.82403,1.4258,0.45319,0.26964,0.83629,0.38312,0.68728,0.83485,1.3083,0.66638,0.98947,0.34426,0.64461,1.4752,1.1279,1.2196,1.2633,0.96003
2034,6,4.1825,2.8341,4.1687,2.8453,2.2503,3.158,1.1685,0.79462,2.1172,0.96229,4.7404,2.0683,2.4561,0.91914,2.0475,1.033,1.4029,3.6722,2.314,2.2098,3.0345,2.3145
2034,7,11.15,5.3605,13.463,5.8687,9.8709,6.7926,10.336,7.1436,9.8331,8.537,15.135,4.3794,3.4984,2.0836,6.635,7.8382,2.2973,5.3965,3.3729,2.9521,5.7222,11.348
2034,8,10.042,5.6649,10.169,3.9348,8.9562,5.5072,6.3602,6.8305,9.3328,5.185,11.745,4.2661,3.6265,2.8899,6.3619,7.1549,2.6531,5.7282,3.7147,3.0445,6.2595,7.3666
2034,9,5.0522,3.9551,3.211,7.8015,4.1966,2.2725,2.1634,2.1663,2.9812,1.9125,3.2093,5.9932,7.2201,4.3154,9.1545,2.3375,2.7137,4.568,7.7924,6.8756,4.6618,2.1795
2034,10,4.4142,2.9185,1.9687,6.2329,2.9589,1.1085,1.2619,0.93226,2.4823,0.94436,1.8162,4.9167,7.4987,2.2587,6.3947,1.196,2.6502,3.2509,8.4325,4.6626,3.2513,1.8447
2034,11,1.4032,1.9646,1.3507,3.9404,2.423,0.78701,0.83372,0.72068,1.8514,0.59294,1.5285,2.5485,3.63,1.4815,2.5968,0.92057,2.4027,2.201,7.6165,4.6462,2.1033,1.3921
2034,12,1.1451,1.1054,0.95905,1.6858,1.6076,0.22003,0.43511,0.40461,1.0759,0.28044,0.97351,1.5737,1.4243,0.9452,1.8368,0.52166,1.8774,1.1331,2.8833,1.0551,1.2397,0.74101
2035,1,0.95357,0.68189,0.6961,0.97461,1.0167,0.066508,0.2208,0.21673,0.66148,0.13869,0.57734,1.0158,1.042,0.51995,1.14,0.27167,1.3807,0.57,1.8869,0.94759,0.76165,0.40252
2035,2,0.82506,0.72535,0.5838,0.43851,0.87172,0.69374,0.32016,0.20661,0.62639,0.26236,0.29326,0.4058,0.53727,0.28682,0.54769,0.23981,1.0419,0.58266,1.2728,0.53371,0.83009,0.4196
2035,3,0.58305,0.42461,0.33385,0.33395,0.53617,0.20881,0.12775,0.097698,0.34614,0.090557,0.14867,0.27245,0.33495,0.28849,0.34265,0.12885,0.70485,0.38398,0.78751,0.55305,0.4761,0.17259
2035,4,0.47217,0.51293,0.27663,0.75164,0.5012,0.77519,0.19562,0.13346,0.43523,0.18262,0.2191,0.42966,0.84173,0.36567,0.46263,0.22257,0.64288,0.89044,0.86471,0.80275,0.52539,0.25981
2035,5,3.3648,2.4854,1.1638,2.2854,1.6645,1.7838,0.42741,0.50799,1.3634,0.41043,1.1404,1.1492,2.7162,0.65171,1.2218,0.6926,1.3667,2.6853,2.3365,2.0761,2.1067,1.0897
2035,6,2.021,2.1974,1.6905,3.7585,1.5078,2.8756,1.0802,0.53186,1.894,0.95259,1.478,4.6008,2.4905,1.4607,4.6047,0.77812,1.2166,2.5271,2.5566,2.2428,2.2671,1.5981
2035,7,12.343,6.0769,13.669,3.9033,9.7137,4.7367,1.7657,7.2886,10.546,1.8532,13.205,4.4618,3.3107,3.4504,8.1267,7.2664,2.0773,4.8976,3.4153,2.8708,5.9072,9.7224
2035,8,6.553,4.3177,4.8001,3.9266,3.9158,3.2527,2.0518,2.9129,4.1639,1.8752,4.9907,2.5047,3.3624,1.952,5.1889,2.9969,2.2594,4.2901,3.7578,2.3604,4.3479,2.3064
2035,9,1.3984,2.4039,1.2766,7.4887,2.555,2.2397,2.068,0.91361,2.4777,1.627,1.6513,5.284,6.6828,3.0903,6.8427,1.2417,2.0831,3.1518,6.9453,6.5232,2.7194,1.9344
2035,10,1.4168,1.5662,0.93569,8.0234,2.0743,1.5468,1.7709,0.67108,1.8098,1.0093,1.1768,2.577,13.266,1.802,4.5581,1.0497,2.1012,2.6407,15.038,7.6425,1.786,1.3645
2035,11,1.1242,0.83951,0.59965,3.8485,1.3283,0.60806,1.1282,0.36028,1.0378,0.51711,0.65174,3.8355,3.5961,1.1833,2.579,0.6295,1.6538,1.4967,5.6502,4.6221,1.0264,0.74792
2035,12,1.0172,0.74335,0.52729,1.5695,0.97788,0.17756,0.53577,0.22808,0.69694,0.23752,0.54599,1.8513,1.7007,0.85698,1.9957,0.36506,1.2604,0.83375,3.0527,1.0105,0.83121,0.50812
2036,1,0.81668,0.47488,0.39156,0.73781,0.65134,0.15703,0.30779,0.13138,0.4263,0.16501,0.38644,0.86867,1.0568,0.39932,1.1087,0.20759,0.91699,0.44346,2.0243,0.7324,0.55047,0.35284
2036,2,0.62174,0.45188,0.32438,0.33577,0.49963,0.45004,0.25211,0.11135,0.37592,0.26532,0.35514,0.30927,0.47354,0.24575,0.50185,0.15397,0.66044,0.35646,1.218,0.46219,0.53025,0.38202
2036,3,0.54908,0.50731,0.36134,0.35071,0.4735,0.48162,0.11666,0.13051,0.41056,0.13689,0.35817,0.22667,0.39462,0.24167,0.30897,0.18246,0.52081,0.52506,0.84723,0.49266,0.55847,0.36937
2036,4,0.40569,0.49786,0.30026,0.52101,0.40695,0.62919,0.17746,0.1208,0.40051,0.19185,0.30863,0.27429,0.65901,0.21958,0.30098,0.18396,0.44173,0.70022,0.82544,0.62836,0.55915,0.33534
2036,5,0.92397,1.6718,0.74346,1.3682,1.2069,2.0942,0.7592,0.3908,1.1363,0.65167,0.91739,0.84415,1.2821,0.64752,0.91627,0.61398,0.95875,2.3273,1.5257,1.2846,1.6773,0.98597
2036,6,1.2629,2.3339,1.157,2.2651,1.8313,2.5515,1.0936,0.64802,1.7245,0.81356,1.4456,1.7907,1.5385,1.5355,2.0238,1.0378,1.4644,3.6685,2.0788,1.7753,2.4608,1.4699
2036,7,7.7803,3.0495,1.4433,3.875,2.7233,2.8327,1.6306,0.87373,2.1688,1.1688,1.7967,2.5738,3.5486,1.8953,4.3133,2.1615,2.1824,4.3294,3.5368,2.908,2.872,1.7711
2036,8,13.477,5.704,15.235,3.9405,10.093,5.1964,4.3586,8.2306,10.498,2.7967,16.101,3.8733,3.5986,1.9686,5.5521,8.4683,2.2467,4.8279,3.7187,2.9636,5.988,10.267
2036,9,12.96,5.3586,7.1914,5.8398,6.3398,2.2006,1.7766,3.7255,4.6613,1.6413,7.4699,4.13,3.5705,1.8051,5.277,3.6865,2.441,4.0848,3.6677,3.9467,4.8949,4.0106
2036,10,1.2264,2.3316,1.1242,3.9264,2.1096,0.46044,1.0299,0.67509,1.7997,0.74154,1.3362,4.3108,5.9121,1.5299,4.1982,0.8404,1.7666,1.849,2.7519,4.4395,2.4007,1.2055
2036,11,0.83621,1.1162,0.64883,5.3499,1.1766,0.1189,0.52018,0.3136,0.89966,0.31929,0.65197,3.8836,6.1075,1.0804,2.608,0.39366,1.26,0.8724,2.2504,4.6955,1.2242,0.5525
2036,12,0.77132,0.96748,0.60024,2.2698,0.96776,0.14905,0.24483,0.21644,0.64466,0.1744,0.59804,1.8343,2.6215,0.6484,1.9717,0.25643,1.0715,0.60926,1.9673,1.6596,1.0041,0.4537
2037,1,0.64196,0.67258,0.4911,0.82548,0.67641,0.17162,0.13515,0.13441,0.43164,0.11983,0.4292,0.86165,1.1874,0.3488,1.0633,0.1561,0.81187,0.36988,1.4131,0.68555,0.7108,0.33356
2037,2,0.46113,0.48236,0.35649,0.51654,0.49359,0.35182,0.13657,0.10843,0.35172,0.1594,0.31023,0.38355,0.75469,0.23646,0.51031,0.12788,0.56893,0.31818,0.99162,0.7322,0.55164,0.23362
2037,3,0.37363,0.28712,0.22257,0.31351,0.29639,0.12157,0.057564,0.061193,0.18978,0.070788,0.16038,0.22688,0.32767,0.20517,0.28691,0.067065,0.38158,0.20991,0.59915,0.44454,0.33809,0.11895
2037,4,0.4348,0.58257,0.34415,0.72191,0.43368,0.6489,0.13773,0.13395,0.39674,0.1732,0.33003,0.34702,0.78493,0.31714,0.44356,0.17999,0.41426,0.7048,0.65901,0.71177,0.58247,0.34916
2037,5,1.0613,2.3905,1.2737,1.4597,1.5152,1.6057,0.37852,0.50627,1.353,0.42466,1.2476,0.84112,1.3411,0.59378,1.2494,0.59759,0.81801,2.1491,1.12,1.2987,2.2281,1.1821
2037,6,2.7877,2.6296,3.2415,3.2993,1.8961,1.9537,0.67651,0.6375,1.7133,0.63565,1.6208,4.4805,2.2382,2.66,5.2063,0.79969,1.2763,2.9636,1.946,2.28,2.5149,1.4697
2037,7,7.8763,4.3652,8.3631,5.7363,5.2083,3.6233,1.7965,3.5975,4.0938,1.4078,7.5257,2.5481,3.4589,1.8057,5.8417,3.6837,2.079,4.4504,3.3085,2.7337,4.0451,4.6033
2037,8,11.749,5.3022,11.816,5.7977,9.1914,5.1514,3.9717,6.5981,8.9267,2.7364,11.707,3.7988,3.6122,1.7082,4.9362,7.0916,2.613,5.3843,6.0231,2.7271,5.2214,7.2929
2037,9,11.341,5.1306,6.5128,8.2284,8.758,2.8662,2.0457,4.7406,4.9135,1.7522,6.4232,6.4111,7.1373,4.478,9.091,5.1904,6.6535,5.729,10.888,6.9448,4.7547,2.2641
2037,10,1.2354,2.27,1.1351,5.8484,2.3224,0.49314,1.0574,0.68253,1.7404,0.67299,1.2647,5.1021,6.6616,2.0424,5.9556,0.89195,2.2729,2.6252,3.575,6.492,2.3978,1.1826
2037,11,1.0148,1.1486,0.73812,3.9371,1.4349,0.19337,0.52864,0.33193,0.91317,0.30588,0.67302,2.561,6.4262,1.1373,3.2338,0.45039,1.7484,1.3247,3.33,4.7081,1.2958,0.58333
2037,12,0.74389,0.62197,0.46834,1.8398,0.86578,0.25265,0.40007,0.18048,0.55352,0.26592,0.428,1.5021,1.8318,0.56697,1.8539,0.24693,1.2406,0.65796,2.3985,1.1871,0.76694,0.39566
2038,1,0.535,0.34842,0.3207,0.69257,0.57135,0.049158,0.18388,0.093376,0.31777,0.13537,0.24851,0.67817,0.78817,0.33561,0.985,0.12732,0.86715,0.3659,1.4812,0.56769,0.43176,0.21688
2038,2,0.46164,0.41675,0.28702,0.29275,0.51285,0.27983,0.12367,0.10053,0.32302,0.13307,0.2574,0.24173,0.4845,0.22041,0.44559,0.12064,0.6635,0.37774,0.98523,0.45166,0.44458,0.22927
2038,3,0.34056,0.33924,0.21452,0.19806,0.3471,0.22019,0.08776,0.063609,0.22135,0.10629,0.17779,0.20644,0.22988,0.23928,0.24871,0.08222,0.46808,0.25821,0.57665,0.35572,0.31327,0.17251
2038,4,0.29926,0.47011,0.22525,0.73362,0.44246,0.77351,0.17102,0.14488,0.42939,0.14601,0.22123,0.37014,0.85045,0.33345,0.39571,0.24186,0.53542,1.0847,0.79308,0.82051,0.47662,0.24515
2038,5,0.7796,1.6164,0.68978,1.8928,1.1561,2.5673,1.1008,0.43686,1.2901,0.94869,0.96568,1.2107,1.9151,0.79882,1.2333,0.63533,0.943,2.2526,1.648,1.7512,1.646,1.1574
2038,6,0.87651,1.9528,0.96595,6.2699,1.4955,3.7448,1.4996,0.69948,1.8594,1.2201,1.2938,4.9922,3.2845,3.4589,6.053,1.086,1.3801,3.6796,2.595,3.2899,2.2727,1.609
2038,7,5.847,3.9074,4.9415,5.7569,2.8446,5.6402,7.3291,5.4786,7.1471,4.4372,7.3103,4.2598,3.4511,2.4565,6.9791,7.3076,2.2508,5.5329,4.3564,2.8786,4.1846,5.8866
2038,8,12.577,5.1045,8.8425,3.9211,7.7819,4.0318,4.5086,5.7924,7.4051,3.1622,9.6972,3.8322,3.6036,1.9708,5.242,5.8771,3.5681,5.7098,6.6006,2.5106,5.0671,5.3454
2038,9,9.0656,5.1178,7.0453,6.5279,8.2552,3.3538,2.3773,5.2731,6.1424,2.3919,8.0527,4.9906,3.6334,3.7314,7.5368,4.1418,3.6823,5.0282,7.8625,6.4656,5.024,4.4069
2038,10,2.7248,3.2005,1.4713,9.2536,2.9569,1.5858,1.7948,1.0222,2.5501,1.6214,1.867,7.0557,12.91,3.0081,7.9728,1.2514,2.5729,3.2937,9.6767,9.6026,3.3593,1.8705
2038,11,1.1518,1.64,0.99677,3.9231,1.971,0.28509,0.95296,0.60637,1.3897,0.69115,1.0777,2.4669,3.5894,1.722,3.0955,0.72255,1.9697,1.5878,3.4879,4.7026,1.7948,0.93813
2038,12,0.9543,0.9596,0.7003,2.2751,1.2971,0.087253,0.46873,0.32645,0.80992,0.32462,0.63998,1.8276,2.3407,0.93052,1.9724,0.38657,1.495,0.82365,2.5047,1.7744,1.0923,0.50499
2039,1,0.76109,0.61275,0.49132,0.82673,0.82246,0.1715,0.28121,0.18694,0.5009,0.2205,0.41727,0.8325,1.0178,0.43501,1.0655,0.20836,1.0572,0.43324,1.6955,0.70318,0.68134,0.3217
2039,2,0.647,0.69759,0.49629,0.26995,0.66093,0.3872,0.22209,0.16278,0.49704,0.26652,0.50428,0.27264,0.22702,0.26307,0.47332,0.15874,0.74457,0.30883,0.89864,0.26933,0.80102,0.45702
2039,3,0.5371,0.53713,0.36976,0.37694,0.49092,0.51595,0.12857,0.11824,0.37451,0.13205,0.32371,0.25956,0.34635,0.34977,0.35062,0.15602,0.54467,0.40012,0.60982,0.5202,0.58809,0.26916
2039,4,0.52277,0.69589,0.4141,0.6001,0.55328,0.93558,0.21261,0.1656,0.55949,0.21705,0.47565,0.31104,0.77365,0.27549,0.35615,0.25801,0.54107,1.0151,0.7523,0.68704,0.72519,0.50475
2039,5,0.77874,1.2999,0.7525,1.3891,1.025,1.5745,0.5792,0.32023,0.95826,0.50574,0.84904,0.85908,1.2514,0.65128,0.94943,0.43832,0.71507,1.7443,1.1644,1.3061,1.4106,0.88968
2039,6,1.3944,2.1501,1.227,3.1976,1.6473,2.1896,0.79457,0.58576,1.5203,0.75017,1.2929,2.2117,2.4137,1.6779,2.3735,0.88089,1.3347,3.3822,2.3635,2.257,2.1712,1.5195
2039,7,8.9291,4.755,11.165,3.7272,5.0973,4.0306,1.9502,4.4936,4.8867,1.9199,11.076,2.5678,2.6598,1.3152,4.2275,4.1018,1.8244,4.1554,2.9525,2.2033,4.8062,7.1615
2039,8,6.0187,4.178,6.808,5.5415,6.1089,3.895,2.4445,3.8923,5.2641,2.0156,7.6652,2.5352,3.0853,1.3059,4.1686,4.9138,2.1592,4.612,3.521,2.2412,4.7853,3.963
2039,9,12.17,5.5426,8.3182,7.2218,11.575,4.0942,3.0828,6.5933,9.4161,2.4045,12.352,5.2185,7.188,2.6757,7.9932,4.3954,2.8231,5.5642,9.3459,6.6015,5.8141,7.8808
2039,10,1.1903,2.4913,1.1545,5.7009,2.4722,0.72918,1.5409,0.72153,2.0705,1.0394,1.5468,4.962,6.4978,1.8704,6.1547,0.83599,2.1396,2.7433,3.7344,4.6829,2.917,1.4574
2039,11,0.95758,1.3791,0.74508,8.5369,1.6414,0.55668,1.0631,0.38102,1.1404,0.6128,0.82308,5.5272,9.9627,2.1168,5.7642,0.46865,1.7992,1.6907,9.2227,8.9295,1.6582,0.7874
2039,12,0.63904,0.66652,0.41932,2.4381,0.94472,0.085318,0.57204,0.17586,0.57194,0.27542,0.39389,1.9975,2.2144,1.1092,2.2217,0.23939,1.2689,0.80198,3.3112,1.6667,0.85704,0.35694
2040,1,0.44312,0.34321,0.27402,0.83882,0.55264,0.019626,0.26752,0.08941,0.33425,0.12528,0.22069,0.90815,0.89635,0.44861,1.2372,0.11967,0.8844,0.38774,2.1316,0.61563,0.45307,0.17361
2040,2,0.39518,0.45252,0.33646,0.45937,0.48681,0.29622,0.2127,0.10364,0.39471,0.15911,0.31819,0.30411,0.71391,0.28134,0.54934,0.12377,0.6665,0.37793,1.3326,0.58737,0.50609,0.29964
2040,3,0.45027,0.62606,0.47229,0.44136,0.54147,1.0405,0.24901,0.16248,0.56649,0.28761,0.40753,0.22112,0.50522,0.24099,0.29951,0.22503,0.56157,0.67557,0.98487,0.56193,0.66381,0.58224
2040,4,0.51501,0.55966,0.36988,0.53862,0.45341,0.5154,0.20042,0.10339,0.38669,0.18662,0.27815,0.42971,0.54881,0.3351,0.34547,0.16399,0.53846,0.71761,0.76149,0.59677,0.52918,0.3772
2040,5,0.69115,1.0686,0.48302,1.4286,0.87986,1.5974,0.63818,0.2713,0.79813,0.50117,0.6454,0.94301,1.4399,0.64452,0.98806,0.41496,0.8307,1.741,1.2286,1.4471,1.0774,0.69768
2040,6,1.1939,1.8805,0.8417,2.8256,1.369,2.1899,0.82463,0.50369,1.3075,0.69307,1.0504,2.2976,2.1095,1.3916,2.2578,0.8427,1.3627,3.1591,2.2001,2.1126,1.9772,1.1152
2040,7,9.8561,4.4939,10.758,5.7493,2.953,3.7047,1.589,4.4092,4.2732,1.5293,10.739,2.5641,2.9059,1.714,5.9528,4.1317,1.9319,4.2152,2.8625,2.6869,4.7953,7.2706
2040,8,4.8742,4.1484,6.8805,3.9304,4.6026,3.7747,1.9682,4.8073,5.7938,1.5772,7.3705,3.7598,2.9871,1.7305,5.2807,5.1278,2.1185,4.6316,3.2942,2.2974,4.701,4.1257
2040,9,1.2721,2.8029,1.4053,6.3898,2.7046,3.0977,3.405,1.0194,2.9275,2.1734,1.893,4.737,6.6981,1.9379,6.5261,1.767,1.8595,3.4453,3.685,4.6451,3.2787,3.5866
2040,10,1.2821,1.7953,1.1532,7.8811,2.0377,0.72541,1.6247,0.64309,1.9711,1.0155,1.3242,6.1701,11.8,1.5696,6.2906,0.93525,1.5469,2.0184,7.9584,8.782,2.0281,1.4866
2040,11,1.0729,1.2602,0.8858,5.5317,1.5614,0.94301,1.1929,0.44915,1.4135,0.68476,0.97828,2.4504,3.6141,1.2207,2.5966,0.72254,1.4142,1.6989,8.8383,6.3817,1.4998,1.0328
2040,12,0.82796,0.65988,0.55492,1.7711,0.9546,0.19525,0.66251,0.22894,0.77507,0.35164,0.53393,1.5112,1.9982,0.56439,1.7779,0.37947,1.009,0.90749,3.2325,1.3103,0.82882,0.52495
2041,1,0.6827,0.39932,0.37292,0.68258,0.61045,0.040678,0.3103,0.11328,0.41808,0.16787,0.29756,0.69335,0.91783,0.3973,0.96649,0.18954,0.74147,0.45299,2.2585,0.59549,0.45139,0.26047
2041,2,0.60698,0.38311,0.28807,0.39914,0.47823,0.23889,0.17444,0.087857,0.31384,0.12719,0.22347,0.30858,0.55558,0.24428,0.4582,0.13964,0.60333,0.39388,1.4296,0.56217,0.36362,0.18783
2041,3,0.52249,0.40089,0.24192,0.28957,0.38755,0.49975,0.20805,0.074109,0.27288,0.16879,0.21176,0.19433,0.34862,0.21576,0.26726,0.11872,0.45938,0.34571,0.84327,0.40342,0.32969,0.23554
2041,4,0.53116,0.80756,0.42118,0.6771,0.60893,1.2356,0.33947,0.20132,0.66444,0.31904,0.50471,0.31616,0.73722,0.20092,0.30474,0.27355,0.4946,0.95609,0.82102,0.93455,0.80029,0.61658
2041,5,1.0283,1.7851,0.68629,1.7203,1.3146,2.3125,0.96377,0.3688,1.3806,0.75308,0.81416,1.0857,1.5675,0.69113,1.0481,0.53712,0.8016,1.9357,1.4122,1.4366,1.4544,1.058
2041,6,1.1822,2.8899,4.0626,3.1106,2.1405,3.9167,1.4665,0.98893,2.8887,1.2936,5.3791,2.0267,2.1377,1.0129,2.0456,1.2606,1.201,3.5632,2.2342,2.1546,3.3805,5.3027
2041,7,6.1555,3.8389,9.1834,3.8496,2.8949,3.4113,2.0701,3.3957,5.7434,1.808,9.8544,4.4365,2.0085,4.3858,7.0671,2.6624,1.253,3.088,2.3494,2.2436,4.4911,6.7683
2041,8,11.614,4.4487,7.3652,6.1495,7.3279,5.4128,6.053,5.0071,7.3078,2.8303,7.7208,2.5771,3.6347,2.6648,6.2335,7.7694,2.0624,5.3274,6.0365,3.6016,4.823,4.9344
2041,9,1.3789,3.1163,3.2099,7.3672,3.0253,2.998,2.4795,2.5105,4.3451,2.2445,4.7324,5.6808,7.8634,2.8901,7.8226,2.4361,1.7856,3.9829,7.3659,6.779,4.2726,2.3037
2041,10,1.4074,2.3629,1.4933,6.3387,2.5972,2.5332,2.4921,0.99208,2.7933,1.9368,1.8788,5.4989,7.4138,3.3418,6.8225,1.3204,1.6378,3.0908,7.1165,4.6784,3.1338,2.1184
2041,11,1.3812,1.6796,1.3667,3.5546,1.9928,0.95639,1.7865,0.72044,2.0248,1.1228,1.5663,2.5239,3.5704,1.035,2.4508,0.96936,1.3662,1.753,3.734,4.0394,2.1598,1.6974
2041,12,1.2454,1.1995,1.1785,1.8036,1.464,0.46516,1.1103,0.46642,1.385,0.61399,1.2696,1.4062,2.603,0.57112,1.6287,0.61948,1.0976,1.0016,3.1973,1.3326,1.5152,1.2372
2042,1,0.95247,0.65463,0.81127,0.77444,0.94682,0.38043,0.60623,0.27485,0.85697,0.32169,0.75367,0.65368,1.0378,0.41172,0.88078,0.37883,0.8586,0.62732,2.5451,0.6109,0.89275,0.66635
2042,2,0.69208,0.35709,0.50373,0.32511,0.58541,0.11774,0.25698,0.13374,0.44794,0.14733,0.38794,0.27942,0.40174,0.24618,0.41009,0.1882,0.61272,0.32817,1.5289,0.41912,0.51327,0.30566
2042,3,0.72574,0.74236,0.5464,0.45856,0.72283,1.1682,0.32523,0.22966,0.70981,0.32733,0.55031,0.27402,0.69021,0.32899,0.32703,0.32331,0.61863,0.9789,1.3163,0.53869,0.85784,0.61645
2042,4,0.64047,0.92951,0.6127,0.69076,0.80924,1.1536,0.38961,0.27925,0.82703,0.3154,0.61967,0.40577,0.7623,0.30299,0.41519,0.39051,0.63551,1.4002,1.1733,0.79294,1.101,0.67699
2042,5,0.99763,1.3185,0.73692,2.6909,1.124,1.4277,0.54201,0.33269,0.97425,0.42464,0.66011,1.4375,1.9372,0.75908,1.6269,0.52915,0.90264,2.0074,1.5689,2.2914,1.3699,0.70815
2042,6,1.3932,2.4392,1.3139,3.8722,2.0754,5.8691,2.4608,1.0066,2.716,3.0494,3.1035,5.0518,3.4978,2.1936,6.1878,3.6087,1.6069,4.4541,2.8686,2.7912,2.9468,4.88
2042,7,11.62,4.7682,11.919,3.7386,6.1347,3.8441,3.0544,5.2735,7.4394,2.7443,9.7855,3.9331,2.8273,1.8298,5.4154,4.9724,1.9163,4.2514,2.8167,1.9892,4.8168,7.9206
2042,8,4.3923,3.6984,4.3097,7.3924,3.723,3.7727,6.2155,3.1686,3.7731,3.0092,3.0656,4.2615,6.1295,2.7017,7.8584,4.3748,2.1778,4.4869,3.5658,4.4508,3.9704,2.3041
2042,9,1.212,2.2833,1.1137,8.2946,2.8118,2.068,2.0846,1.0119,2.5318,1.4975,1.3881,6.5221,8.5252,4.371,9.9095,1.9082,2.316,4.3361,10.972,6.852,2.657,1.4581
2042,10,1.3081,2.1572,1.2967,5.8565,2.6657,1.6165,1.2711,0.9415,2.3416,0.82264,1.4254,5.3815,7.0309,2.2837,5.7987,1.2983,2.141,3.1676,6.4089,6.6006,2.2991,1.3793
2042,11,0.98713,1.1376,0.97824,3.9238,1.8167,0.77819,0.93659,0.61435,1.4984,0.53475,0.88923,2.5689,6.227,1.2585,2.5171,0.90508,1.6795,1.8288,4.3974,3.9836,1.3285,0.86607
2042,12,0.89049,0.93605,0.84338,2.0947,1.3545,0.4547,0.56355,0.40103,1.0676,0.32938,0.76781,1.5661,3.3611,0.6308,1.7814,0.58125,1.3484,1.0625,3.6386,1.5695,1.0804,0.67159
2043,1,0.67043,0.53245,0.57737,0.63355,0.85047,0.26199,0.39132,0.21867,0.65092,0.26192,0.49276,0.60157,1.0731,0.34761,0.88359,0.37843,0.95912,0.52466,2.4877,0.45967,0.64918,0.41726
2043,2,0.4435,0.31016,0.35366,0.30739,0.48292,0.42021,0.33754,0.11346,0.44872,0.264,0.30983,0.29211,0.43231,0.26563,0.41506,0.19303,0.64258,0.27864,1.335,0.47316,0.42427,0.31835
2043,3,0.42001,0.49932,0.36137,0.34593,0.47565,0.55053,0.20132,0.15648,0.54792,0.1732,0.33225,0.31707,0.3759,0.32141,0.331,0.18393,0.51312,0.69457,0.91576,0.49164,0.54911,0.36263
2043,4,0.41234,0.83439,0.44322,1.1316,0.67985,1.1507,0.23339,0.26165,0.78956,0.22909,0.49736,0.61716,0.97538,0.44284,0.71511,0.34584,0.57941,1.3962,1.0325,1.2105,0.98493,0.54394
2043,5,0.62932,1.109,0.51592,1.8824,0.87321,1.2613,0.37618,0.29755,0.85596,0.29947,0.5815,1.2508,1.3983,0.87932,1.4129,0.41587,0.68936,1.6552,1.3391,1.4983,1.2023,0.66321
2043,6,0.69788,1.2984,0.61393,2.9823,1.0376,3.589,1.6208,0.47582,1.3741,1.3222,0.96829,2.0976,2.086,0.99281,2.2333,0.70133,0.88629,2.317,1.9086,2.0753,1.6929,1.4034
2043,7,5.1224,3.2213,1.2718,3.6372,2.2368,3.0767,2.0853,0.80676,2.4093,1.4767,3.6095,2.5771,2.422,1.6633,5.0316,1.0722,1.2684,3.0459,2.3911,2.3323,3.1784,4.2667
2043,8,14.087,5.4507,11.756,5.9938,8.4502,5.8044,7.9294,6.5304,7.9343,4.715,12.367,2.5776,6.1299,1.6504,5.6728,7.2483,2.0886,5.7036,3.6304,3.0947,4.9009,7.5658
2043,9,6.5134,3.7755,2.7448,9.3758,3.1225,2.3666,2.3944,1.6202,2.9266,2.0458,3.2122,6.938,8.6031,4.6335,10.198,1.5309,2.1629,4.3425,7.6922,7.1964,3.6237,2.1949
2043,10,1.371,1.9284,1.1541,6.0242,2.0989,0.47545,1.3965,0.64648,1.886,0.91047,1.2715,5.4049,7.5471,2.2883,5.9582,0.76926,1.668,2.1877,3.7859,6.637,1.9568,1.2379
2043,11,1.1029,1.0958,0.81086,6.1234,1.4023,0.97329,1.1031,0.41335,1.2402,0.68501,0.80937,2.566,11.428,1.3365,2.5476,0.52095,1.3723,1.4845,9.9902,6.7393,1.1859,0.79951
2043,12,0.81969,0.5843,0.50521,2.1477,0.83033,0.16101,0.54613,0.21478,0.64764,0.33349,0.44475,1.3457,2.5758,0.5914,1.6973,0.27376,0.95558,0.71248,3.1679,1.5156,0.65915,0.39081
2044,1,0.60369,0.35622,0.38041,0.75801,0.53233,0.3963,0.44017,0.13254,0.44186,0.30489,0.33581,0.60132,1.0237,0.36669,0.90405,0.16737,0.67746,0.38537,1.9707,0.63529,0.46249,0.33047
2044,2,0.51622,0.43932,0.39538,0.27141,0.45941,0.29548,0.21586,0.11893,0.40953,0.17988,0.35217,0.25319,0.38706,0.24527,0.42517,0.13515,0.51024,0.3262,1.1334,0.38617,0.52287,0.34694
2044,3,0.4622,0.39783,0.32487,0.33478,0.37451,0.26213,0.10693,0.091472,0.34463,0.11248,0.29474,0.21765,0.43585,0.23963,0.26361,0.10981,0.39539,0.33688,0.7331,0.43324,0.43929,0.2728
2044,4,0.53441,0.73124,0.42364,0.74575,0.51847,1.021,0.2381,0.2007,0.499,0.2339,0.54309,0.33812,0.90627,0.24298,0.33561,0.25634,0.46175,0.80343,0.74661,0.83037,0.68765,0.51276
2044,5,1.2103,1.854,0.93753,1.6345,1.1767,1.7781,0.69013,0.39237,1.0502,0.57518,1.1245,0.98169,1.5176,0.62291,1.0197,0.50648,0.70911,1.6699,1.1207,1.4706,1.8268,1.2492
2044,6,2.5237,2.5509,1.8902,2.1582,1.8533,3.7367,1.6022,0.77896,1.9972,1.3395,2.6662,1.7243,1.3552,1.063,1.8577,1.1217,1.1903,3.333,1.4832,1.6823,2.8537,4.1068
2044,7,9.0707,3.2464,8.6683,3.0653,2.5692,4.3797,6.2113,2.0728,2.9563,3.718,7.5519,4.2966,1.8721,1.6783,4.6685,2.7035,1.3672,3.2377,1.8634,2.2539,3.8695,6.3001
2044,8,11.748,5.4371,15.494,5.9227,9.832,7.577,7.4367,8.0717,12.24,5.1363,15.681,4.1536,3.5814,2.9314,6.554,10.427,1.8931,5.3492,3.0503,2.8249,6.5827,9.6539
2044,9,3.5742,3.5952,3.8648,7.5773,3.0935,2.7944,2.471,1.4926,3.4369,2.3711,4.3444,5.7484,7.3669,3.248,8.1517,2.0323,1.8464,3.7599,3.6926,6.7154,4.4902,2.3051
2044,10,1.36,2.3674,1.4518,7.3738,2.6261,1.9006,1.9588,0.94764,2.4963,1.598,1.7749,5.7268,9.5958,2.7856,7.1784,1.3081,1.6476,2.9155,7.7664,4.6924,3.0231,1.9467
2044,11,1.1101,1.3598,1.0351,7.4631,1.9654,0.72264,1.2364,0.63714,1.5941,0.76917,1.1288,5.931,12.223,2.355,4.415,0.96465,1.3731,1.8963,10.12,7.2634,1.777,1.1729
2044,12,0.89452,0.74337,0.71787,2.0211,1.2118,0.14262,0.58531,0.31864,0.87179,0.33676,0.61253,1.7621,2.3379,0.92127,1.9496,0.51597,1.0031,0.95404,3.4701,1.2747,0.97873,0.60351
2045,1,0.77596,0.60437,0.55616,1.0716,0.92132,0.50479,0.34609,0.23039,0.67554,0.23102,0.46854,0.76202,2.1868,0.46084,1.0185,0.35528,0.85269,0.80085,3.6105,0.92613,0.76642,0.43955
2045,2,0.6484,0.49025,0.42975,0.62214,0.68495,0.45613,0.2249,0.1663,0.53489,0.19341,0.35306,0.41176,0.92372,0.37279,0.51853,0.24353,0.66438,0.61474,2.5551,0.77165,0.59063,0.38944
2045,3,0.50626,0.36578,0.31256,0.30042,0.4447,0.59381,0.23181,0.098742,0.39522,0.24873,0.25779,0.24488,0.34068,0.30458,0.30692,0.16021,0.46003,0.40717,1.4198,0.49031,0.43445,0.37123
2045,4,0.46999,0.49341,0.3344,0.65937,0.43268,0.66225,0.1485,0.13816,0.52389,0.19228,0.34016,0.42819,0.63316,0.41828,0.52524,0.2144,0.42089,0.66229,0.9453,0.83297,0.65703,0.52408
2045,5,1.0483,2.064,1.0992,1.2352,1.4594,2.6787,0.95485,0.55084,1.7491,0.85613,1.4128,0.75223,1.4828,0.49788,0.83633,0.97893,0.87711,2.1912,1.4368,1.1669,2.2388,1.5733
2045,6,3.5729,3.4817,7.5355,3.385,2.7744,4.385,1.5844,3.5052,2.9492,1.4556,6.0479,4.7223,2.4595,3.0944,4.3979,5.7375,1.6808,4.559,2.6635,2.3453,3.8624,5.4622
2045,7,2.2351,2.714,1.7054,3.9058,2.7275,2.634,2.2673,1.0164,2.5688,1.9487,1.8754,4.2205,2.1334,4.0064,7.1384,1.6155,1.5976,3.6638,2.6084,2.1595,3.1864,3.6687
2045,8,13.752,5.8133,12.578,5.9752,10.91,8.2466,10.937,8.4885,11.995,8.9772,15.7,4.0185,3.6387,2.8358,6.0306,9.7017,2.3898,5.7055,3.7011,3.0718,5.989,11.86
2045,9,8.0641,5.9994,7.6012,8.6612,8.0282,4.5685,4.3333,6.9339,8.612,3.4272,10.937,7.0023,8.4217,5.3436,9.9943,6.6378,2.5347,5.8801,8.4723,6.8593,6.2986,6.1611
2045,10,1.1928,2.8506,1.1779,3.1197,2.3367,1.2309,1.9588,0.83402,2.136,1.4983,1.5334,2.4822,3.3627,1.2884,2.6154,1.092,1.8939,2.8342,3.1656,2.5494,3.3499,1.4736
2045,11,1.119,1.8056,0.95155,3.868,1.6514,0.6962,1.1057,0.52928,1.3753,0.73542,1.0995,2.5641,8.7006,0.82795,2.4882,0.7084,1.5185,1.7831,3.3728,4.6799,2.0912,1.0304
2045,12,1.0147,1.4192,0.77632,2.6648,1.5373,1.2662,0.78508,0.46641,1.221,0.508,1.0984,1.9903,3.3776,0.81224,2.0063,0.63881,1.5854,1.773,9.5554,1.9586,1.7164,0.8354
2046,1,0.71071,0.68803,0.45691,0.89361,0.88215,0.25332,0.37036,0.21966,0.63157,0.21226,0.55482,0.88205,1.1307,0.38555,1.0692,0.30628,1.0794,0.79494,2.9295,0.54125,0.89897,0.37393
2046,2,0.42327,0.33676,0.26533,0.31395,0.46149,0.11229,0.20955,0.089635,0.32036,0.12939,0.27042,0.3191,0.34472,0.22549,0.49754,0.13031,0.66729,0.3614,1.5277,0.41112,0.49997,0.20707
2046,3,0.36456,0.28343,0.25314,0.26572,0.35008,0.3515,0.16777,0.086533,0.30418,0.15166,0.21342,0.20664,0.35477,0.23455,0.29239,0.10751,0.48758,0.34721,0.89963,0.48419,0.40817,0.22412
2046,4,0.33258,0.4535,0.38615,0.56277,0.41867,0.81607,0.36586,0.13947,0.45995,0.27937,0.36076,0.33838,0.52419,0.29799,0.37774,0.18995,0.43423,0.71254,0.71827,0.65739,0.59986,0.4667
2046,5,0.91448,2.8232,3.1144,2.1885,1.6899,2.6192,0.72742,0.72561,1.9838,0.76397,3.0178,1.8277,1.5451,1.6798,1.8817,0.77859,0.70804,2.1763,1.2428,1.9241,2.9834,1.9484
2046,6,1.0172,3.3474,6.4717,2.8993,2.0984,4.55,1.9654,2.0255,4.1384,1.9693,7.4989,4.1781,1.682,1.933,5.0106,1.2704,0.88888,2.824,1.6183,1.9271,3.7732,6.0491
2046,7,9.0596,5.6928,14.472,2.6895,6.9881,3.311,1.9619,6.2274,7.8561,1.969,13.386,3.9899,1.672,1.9971,5.5691,5.5016,1.1873,3.1908,1.8487,1.6447,5.703,7.9405
2046,8,13.182,6.6633,10.702,3.9167,11.048,4.4404,2.4533,8.2073,9.7939,2.2554,10.611,3.9598,2.8391,2.4664,5.7813,9.6764,2.2802,6.211,5.5511,2.4126,6.1435,5.9792
2046,9,6.3003,4.8948,2.3657,8.007,5.0034,2.216,1.8987,2.507,3.634,1.5721,3.1393,5.8759,8.5246,3.3761,7.9919,2.9383,2.4733,5.0183,8.9983,4.6529,4.4813,2.217
2046,10,1.1166,2.2394,1.034,3.9244,2.1487,1.7652,2.0662,0.72034,2.1297,1.3724,1.3312,5.0621,6.1817,2.7691,5.5681,1.0355,1.8104,2.6272,3.5172,4.5961,2.3833,1.5453
2046,11,0.77368,1.0388,0.59468,2.5949,1.2181,0.53092,1.3054,0.33464,1.135,0.69373,0.68119,2.1313,3.4626,0.95723,2.1805,0.54576,1.2901,1.2184,2.6106,2.6693,1.251,0.79253
2046,12,0.63615,0.62133,0.41909,1.3239,0.82371,0.10479,0.64307,0.1866,0.66339,0.31183,0.42326,1.2962,2.729,0.62214,1.3883,0.28856,0.96818,0.62868,2.2061,1.232,0.75248,0.43208
2047,1,0.63925,0.60633,0.37807,0.85539,0.72201,0.29531,0.3389,0.1569,0.5228,0.1762,0.37442,0.67502,3.5345,0.41177,0.77358,0.23063,0.87691,0.56906,3.0285,0.8257,0.65328,0.30717
2047,2,0.54196,0.49223,0.31184,0.41861,0.54336,0.26234,0.20528,0.11628,0.40339,0.13828,0.30184,0.29871,1.0171,0.24331,0.37466,0.16134,0.66811,0.41678,1.894,0.53216,0.51389,0.24206
2047,3,0.49935,0.49537,0.32793,0.29766,0.5319,0.75781,0.29252,0.11978,0.48645,0.27086,0.35605,0.20795,0.40262,0.21869,0.25185,0.15693,0.49423,0.40745,1.1036,0.41344,0.54066,0.44213
2047,4,0.60679,0.90882,0.52367,0.80563,0.72977,1.1422,0.3725,0.2372,0.75311,0.34686,0.61179,0.39481,0.84142,0.3235,0.54963,0.30824,0.55847,1.0344,1.0139,0.82479,0.95678,0.70616
2047,5,0.72053,1.264,0.7091,1.2033,0.94754,1.4176,0.35539,0.32542,1.0145,0.3699,0.82614,0.85938,1.1812,0.66697,0.98351,0.45374,0.63003,1.4347,1.0294,1.0916,1.399,1.0891
2047,6,8.5663,3.5927,7.6934,3.2771,2.627,2.5401,1.1726,0.82945,2.1798,1.0529,4.5035,2.565,2.2597,2.1163,2.5488,1.0598,1.5193,3.4322,2.0812,2.3483,3.2011,2.2958
2047,7,12.027,4.4782,9.4271,3.8693,6.4975,2.9997,2.0555,2.5183,2.8969,1.7526,7.7556,4.0153,2.3681,2.0615,6.3475,2.4274,1.8819,3.6242,2.5565,2.3863,4.0907,4.7107
2047,8,9.5391,4.0614,4.9015,6.0921,6.0125,2.9913,3.4402,3.1302,3.7221,1.7069,4.3623,4.1226,6.6525,2.9668,7.297,4.8618,2.4385,4.6541,4.0732,3.4754,3.8806,2.2895
2047,9,12.755,4.3914,5.3337,8.3744,7.3095,2.1982,2.3063,2.2549,3.7599,1.4822,4.6333,6.2251,8.4749,3.8762,9.0757,3.0038,3.8594,4.6716,9.6443,6.8315,3.9656,2.2807
2047,10,1.2872,2.3181,1.1932,3.9072,2.5597,1.1236,2.0744,0.76738,2.0776,1.0043,1.3941,5.2382,7.1953,2.0758,4.8044,1.0649,2.3097,2.8467,4.3211,4.6798,2.4376,1.3489
2047,11,0.91373,1.0994,0.71229,2.6014,1.5385,0.18784,1.1604,0.35546,1.0631,0.39201,0.69158,2.4281,3.5885,0.98161,2.2365,0.54889,1.6748,1.3651,3.0873,2.6923,1.2576,0.60515
2047,12,0.71044,0.68438,0.49372,1.1541,0.97617,0.068875,0.58891,0.1871,0.59711,0.19659,0.42191,1.2967,2.0018,0.52531,1.4091,0.28031,1.2245,0.70658,2.4521,1.03,0.75195,0.32339
2048,1,0.46672,0.34981,0.31725,0.44467,0.54606,0.027505,0.28104,0.086397,0.3078,0.095653,0.22865,0.58816,0.71386,0.40034,0.73955,0.12983,0.82634,0.33678,1.4981,0.45191,0.4027,0.15705
2048,2,0.39825,0.32266,0.259,0.32097,0.41156,0.39186,0.26948,0.084014,0.29118,0.20441,0.20983,0.26653,0.4341,0.23428,0.35584,0.12137,0.61951,0.33407,0.96617,0.47569,0.3663,0.20819
2048,3,0.53943,0.56564,0.40717,0.30016,0.4584,0.70285,0.27065,0.12917,0.44147,0.28742,0.42095,0.26475,0.39044,0.24154,0.2551,0.14518,0.49757,0.45079,0.7255,0.41508,0.59589,0.63223
2048,4,0.67956,1.2771,0.75274,0.95767,0.88371,1.9156,0.38539,0.36754,1.1456,0.43447,0.9562,0.51141,1.0238,0.37092,0.51846,0.43806,0.63939,1.6119,0.94653,1.0033,1.4139,1.2031
2048,5,7.8829,2.8687,2.1378,2.0212,1.9338,1.8228,1.0509,0.54352,1.5156,0.73714,1.5158,1.0544,1.6554,0.77358,1.1447,0.68323,1.0469,2.4765,1.4017,1.528,2.368,1.3355
2048,6,2.9784,2.5823,2.5353,3.523,2.0641,2.8515,1.8637,0.66532,1.8329,1.2027,1.7275,2.4029,2.3337,1.7486,2.5349,0.92789,1.261,3.0573,2.068,2.2419,2.4852,1.6145
2048,7,3.4727,3.0147,5.558,5.4716,2.5374,4.7122,6.2463,2.0115,3.8955,3.968,7.7243,4.1778,2.1267,3.5242,6.637,2.4283,1.3113,3.5055,2.3073,2.2297,3.4803,7.0621
2048,8,8.59,3.5233,5.3368,3.9373,4.5537,4.2183,7.7446,3.717,4.0759,4.3979,4.7975,4.0453,3.0581,3.2365,6.7394,5.2116,1.9482,4.7931,3.6651,2.2606,3.6921,2.3144
2048,9,8.4977,3.3729,2.8257,7.7801,4.4845,1.9306,2.3071,1.5775,2.874,1.813,2.329,6.7729,7.5224,4.3102,9.9589,2.1566,2.3187,4.452,9.3901,6.7552,3.202,1.9003
2048,10,2.22,2.2976,1.3761,6.0277,2.567,1.062,1.7915,0.78503,2.0953,1.0471,1.5216,5.5844,7.911,2.8829,6.9957,1.0612,2.0849,2.7376,6.2287,4.6724,2.1155,1.2818
2048,11,1.1214,1.1818,0.921,2.6882,1.5832,0.16444,1.0648,0.4075,1.1437,0.53949,0.85589,2.3895,3.6402,1.0588,2.3266,0.58965,1.4738,1.2865,3.4096,2.8301,1.1163,0.61371
2048,12,0.93193,0.7256,0.63352,1.4573,1.0705,0.093127,0.49849,0.21866,0.66755,0.23136,0.51915,1.4354,2.8367,0.62545,1.5497,0.32988,1.1185,0.74395,3.1207,1.3692,0.72078,0.33585
2049,1,0.65897,0.36705,0.38579,0.64307,0.6264,0.028339,0.22705,0.10571,0.34956,0.11336,0.28944,0.65075,0.9963,0.42073,0.81101,0.16379,0.76361,0.38726,1.9885,0.6061,0.39659,0.16575
2049,2,0.5812,0.47453,0.34911,0.27944,0.50764,0.27026,0.11877,0.10578,0.368,0.11673,0.32134,0.29253,0.38063,0.27818,0.38346,0.13876,0.59043,0.37676,1.1971,0.41223,0.4909,0.2585
2049,3,0.492,0.46297,0.28414,0.29093,0.4759,0.32562,0.086349,0.094567,0.33447,0.12098,0.25619,0.2509,0.36532,0.27151,0.25258,0.13016,0.47017,0.42515,0.80734,0.41282,0.44218,0.22923
2049,4,0.54235,0.79299,0.47168,0.78443,0.69795,1.3811,0.45328,0.22057,0.69818,0.43334,0.5477,0.57049,0.82453,0.32816,0.44715,0.31118,0.52792,0.94929,0.87096,0.94544,0.89137,0.65346
2049,5,0.99358,1.6658,0.88232,1.7227,1.338,1.5193,0.52826,0.35926,1.1061,0.52527,0.97535,1.1749,1.5496,0.70789,1.0864,0.47904,0.67919,1.3963,1.1202,1.4094,1.6695,1.0643
2049,6,3.6851,3.1317,7.0206,2.7314,2.2843,4.1545,1.2015,0.90029,2.6385,1.3344,7.2082,2.289,2.1482,1.0835,2.137,1.1623,1.1473,2.7929,1.816,2.0373,3.3509,6.9667
2049,7,2.3806,2.9198,3.5955,3.3736,2.5618,3.2934,1.6416,1.7569,3.7442,1.5502,4.9607,4.1649,1.8152,2.3548,5.988,2.7835,1.299,3.0255,2.02,1.9807,3.3486,3.9892
2049,8,5.4094,3.0831,4.0084,6.8421,3.1572,3.7218,2.2998,3.8692,5.2183,1.9069,5.0561,4.419,6.4598,3.7367,7.492,5.6996,1.8463,4.5298,3.4751,3.987,3.577,3.9864
2049,9,15.723,4.2385,5.3845,8.8284,9.062,2.455,2.1158,4.0087,5.3459,1.4041,5.5541,6.3683,9.1439,4.2075,9.2307,5.2923,2.756,5.7428,13.125,6.8748,4.1041,3.7127
2049,10,2.8789,2.6458,1.4182,6.0274,2.8816,1.5546,1.8628,0.92615,2.4649,1.0483,1.7019,5.66,7.6362,2.9753,6.5226,1.2829,2.4157,3.6356,6.0867,6.6826,2.6917,1.7616
2049,11,1.283,1.5582,1.17,3.7884,2.1073,0.80892,1.3562,0.63311,1.6401,0.65697,1.2124,2.5754,12.11,1.1936,2.482,0.92212,2.1385,2.3291,14.257,4.4994,1.6583,1.2288
2049,12,1.0938,0.9734,0.87741,2.122,1.3865,0.14072,0.62096,0.32502,0.93288,0.27116,0.72431,1.2898,2.7455,0.56964,1.5418,0.48398,1.6169,1.1938,3.4181,1.5857,1.0029,0.64365
2050,1,0.85447,0.54845,0.56056,0.65255,0.82733,0.063872,0.27337,0.15958,0.50979,0.12723,0.40452,0.49973,0.9473,0.32419,0.72689,0.23345,1.1172,0.58071,2.2063,0.51554,0.57792,0.32775
2050,2,0.57951,0.31532,0.35043,0.23793,0.47463,0.35144,0.3108,0.081651,0.2938,0.25531,0.24538,0.21704,0.30308,0.23549,0.32628,0.12649,0.74305,0.29946,1.1413,0.34965,0.362,0.23555
2050,3,0.50078,0.39788,0.31634,0.24596,0.42456,0.5429,0.17074,0.11446,0.38363,0.20063,0.28933,0.18581,0.31876,0.22161,0.21653,0.16226,0.5795,0.51262,0.80961,0.4015,0.46211,0.36638
2050,4,0.46821,0.60085,0.40964,0.94946,0.47509,0.79278,0.25803,0.15641,0.53005,0.26151,0.41508,0.57889,0.84028,0.43642,0.68841,0.21367,0.50294,0.69194,0.708,1.0032,0.67109,0.58014
2050,5,0.86218,1.7433,0.85154,1.4337,1.1537,2.0477,0.6397,0.48792,1.3245,0.53035,1.0895,1.151,1.2338,0.70456,1.2137,0.60816,0.7929,1.7903,1.2893,1.5669,2.0449,1.2054
2050,6,4.8281,3.1334,5.486,3.192,2.3207,3.5146,1.3086,1.003,2.5083,1.165,5.2412,2.1999,1.9612,1.3791,2.3379,1.7256,1.5483,3.5422,2.2187,2.6624,3.4326,4.5705
2050,7,3.7673,3.3794,5.8329,3.3074,2.6086,3.2085,1.7728,2.3753,5.0599,1.5757,7.393,2.3562,1.9119,0.99672,3.3364,2.7224,1.4896,2.9185,2.1426,1.8661,3.8421,5.7396
2050,8,8.7448,4.0522,6.9212,3.8942,5.2159,4.4674,3.1587,5.2915,7.3349,2.0338,7.9289,2.2404,3.3466,0.89649,3.2782,6.3555,2.0778,4.6131,3.3945,2.4425,4.4419,5.2546
2050,9,4.2148,3.8842,6.3179,8.2156,4.0288,3.5566,2.3327,5.2134,8.6963,2.0326,8.7612,6.2141,8.024,3.8474,9.2338,5.0155,2.189,4.565,7.5395,6.8496,4.7179,6.0414
2050,10,1.2095,2.073,1.3238,9.7764,2.3484,1.7858,2.2364,0.88003,2.5359,1.5885,1.656,7.0171,12.013,4.5647,9.3028,1.1914,1.7991,2.8061,8.2176,8.4257,2.7428,1.705
2050,11,1.0078,1.1622,0.96959,3.8662,1.5743,0.45629,1.4109,0.50471,1.4791,0.67902,1.0231,2.5619,7.429,1.287,2.5159,0.73291,1.3652,1.6057,7.1572,4.3538,1.5869,0.91799
2050,12,0.75232,0.72626,0.65759,1.856,0.95498,0.21013,0.73362,0.26476,0.85084,0.34131,0.61159,1.5712,1.4447,0.52137,1.6586,0.3909,0.9711,0.80599,2.9798,0.85291,0.98623,0.54863
